PET PLANNER FOR DOGS:,,,,,,,,,,,,,,,,,,,,,,,,,,,,,,,,,,,,,,,,,,
,,,,,,,,,,,,,,,,,,,,,,,,,,,,,,,,,,,,,,,,,,
Step 1: Gastrointestinal Worm Prevention:,,,,,,,,,,,,,,,,,,,,,,,,,,,,,,,,,,,,,,,,,,
,,Reminder Frequency:,,,,Dose to be Administered:,,,,,,,,,,,,,,,,,,,,,,,,Exclusions:,,,Warnings:,Next Step - Go To:,,,,,,,Recommendations:,Other Precautions:
Product,Manufacturer,<3mnths,3-6mnth,6-12mth,>12mnth,1kg,2kg,3kg,4kg,5kg,5-10kg,10-15kg,15-20kg,20-25kg,25-30kg,30-35kg,35-40kg,40-45kg,45-50kg,50-55kg,55-60kg,60-65kg,65-70kg,70-75kg,75-80kg,80-85kg,85-90kg,90-95kg,95-100kg,HWP?,Fleas?,Ticks?,Exclusions?,Step 1 (GI worms)?,Step 2 (Heartworm)?,Step 3 (Tapeworm)?,Step 4 (Fleas)?,Step 5 (Ticks)?,Others (special warnings),Recommendations?,,,,,,,,,
Advocate (Bayer),Bayer Australia Ltd.,>7wk, monthly ,Every 1 Month,Every 1 Month,Every 1 Month,1 x Green tube (<4kg),1 x Green tube (<4kg),1 x Green tube (<4kg),1 x Green tube (<4kg),1 x Turquoise tube (4-10kg),1 x Turquoise tube (4-10kg),1 x Maroon tube (10-25kg),1 x Maroon tube (10-25kg),1 x Maroon tube (10-25kg),1 x Blue tube (>25kg),1 x Blue tube (>25kg),1 x Blue tube (>25kg),1 x Blue tube (>25kg),2 x Blue tubes (>25kg),3 x Blue tubes (>25kg),3 x Blue tubes (>25kg),3 x Blue tubes (>25kg),3 x Blue tubes (>25kg),3 x Blue tubes (>25kg),3 x Blue tubes (>25kg),3 x Blue tubes (>25kg),3 x Blue tubes (>25kg),3 x Blue tubes (>25kg),4 x Blue tubes (>25kg),Y,Y,N,"Tapeworm, Hydatids",-,N,Y,N,Y,Hydatids,,
Ambex ,Bayer Australia Ltd.,"<12wks, worm every 2 wks from 2wks",Every 1 Month,Every 3 Months,Every 3 Months,1/2 x Ambex Two,1 x Ambex Two,1 x Ambex Five,1 x Ambex Five,1 x Ambex Five,1 x Ambex Ten,1.5 x Ambex Ten,2 x Ambex Ten,2.5 x Ambex Ten,3 x Ambex Ten,3.5 x Ambex Ten,4 x Ambex Ten,4.5 x Ambex Ten,5 x Ambex Ten,5.5 x Ambex Ten,6 x Ambex Ten,6.5 x Ambex Ten,7 x Ambex Ten,7.5 x Ambex Ten,8 x Ambex Ten,8.5 x Ambex Ten,9 x Ambex Ten,9.5 x Ambex Ten,10 x Ambex Ten,N,N,N,"Hydatids, Whipworm",-,Y,N,Y,Y,"Hydatids, Whipworm",,
Bay-O-Pet Drontal Allwormer Chewable for Dogs,Bayer Australia Ltd.,"<12wks, worm every 2 wks from 2wks",Every 1 Month,Every 3 Months,Every 3 Months,1/4 x Drontal 10kg,1/4 x Drontal 10kg,1/2 x Drontal 10kg,1/2 x Drontal 10kg,1/2 x Drontal 10kg,1 x Drontal 10kg,1.5 x Drontal 10kg,2 x Drontal 10kg,2.5 x Drontal 10kg,3 x Drontal 10kg,1 x Drontal 35kg,1.5 x Drontal 35kg,1.5 x Drontal 35kg,2 x Drontal 35kg,2 x Drontal 35kg,2 x Drontal 35kg,2 x Drontal 35kg,2 x Drontal 35kg,2.5 x Drontal 35kg,2.5 x Drontal 35kg,2.5 x Drontal 35kg,3 x Drontal 35kg,3 x Drontal 35kg,3.5 x Drontal 35kg,N,N,N,None,-,Y,N,Y,Y,N,-,,
Bay-O-Pet Drontal Allwormer for Small Dogs & Puppies,-,<12wks, worm every 2 wks from 2wks",Every 1 Month,Every 3 Months,Every 3 Months,1/2 x Drontal 3kg,1 x Drontal 3kg,1 x Drontal 3kg,1.5 x Drontal 3kg,Use Drontal Allwormer Chewable for Dogs,-,-,-,-,-,-,-,-,-,-,-,-,-,-,-,-,-,-,-,N,N,N,None,-,Y,N,Y,Y,Hydatids,,
Canex Cube Palatable All Womer for Dogs,Pfizer Animal Health,Use Canex Puppy Suspension,Every 1 Month,Every 3 Months,Every 3 Months,1/4 x Canex 10kg,1/4 x Canex 10kg,1/2 x Canex 10kg,1/2 x Canex 10kg,1/2 x Canex 10kg,1 x Canex 10kg,1.5 x Canex 10kg,Use Canex Multi-Spectrum All Womer for Large Dogs,-,-,-,-,-,-,-,-,-,-,-,-,-,-,-,-,N,N,N,Hydatids,-,Y,N,Y,Y,Hydatids,,
Canex Multi-Spectrum All Wormer for Large Dogs,Pfizer Animal Health,Use Canex Puppy Suspension,Every 1 Month,Every 3 Months,Every 3 Months,Use Canex Cube Palatable All Wormer for Dogs,-,-,-,-,-,-,1 x Canex 20kg ,1 x Canex 20kg,1.5 x Canex 20kg,2 x Canex 20kg,2 x Canex 20kg,2.5 x Canex 20kg,2.5 x Canex 20kg,3 x Canex 20kg,3 x Canex 20kg,3.5 x Canex 20kg,3.5 x Canex 20kg,4 x Canex 20kg,4 x Canex 20kg,4.5 x Canex 20kg,4.5 x Canex 20kg,5 x Canex 20kg,5 x Canex 20kg ,N,N,N,Hydatids,-,Y,N,Y,Y,Hydatids,,
Canex Puppy Suspension,Pfizer Animal Health,"<12wks, worm every 2 wks from 2wks",Every 1 Month,Use Canex Cube Palatable All Wormer for Dogs,-,1ml,2ml,3ml,4ml,5ml,Use Canex Cube Palatable All Wormer for Dogs,-,-,-,-,-,-,-,-,-,-,-,-,-,-,-,-,-,-,N,N,N,"Tapeworm, Hydatids, Whipworm",-,Y,Y,Y,Y,"Hydatids, Whipworm",,
Canimax Palatable Allwormer for Small, Medium, Large Dogs,Virbac Australia Pty. Ltd. ,">6wks, worm every 6 weeks",Every 6 Weeks,Every 6 Weeks,Every 6 Weeks,1/4 x Canimax 5kg,1/2 x Canimax 5kg,1 x Canimax 5kg,1 x Canimax 5kg,1 x Canimax 5kg,1 x Canimax 10kg,1.5 x Canimax 10kg,1 x Canimax 20kg,1.5 x Canimax 20kg,1.5 x Canimax 20kg,2 x Canimax 20kg,2 x Canimax 20kg,2.5 x Canimax 20kg,2.5 x Canimax 20kg,3 x Canimax 20kg,3 x Canimax 20kg,3.5 x Canimax 20kg,3.5 x Canimax 20kg,4 x Canimax 20kg,4 x Canimax 20kg,4.5 x Canimax 20kg,4.5 x Canimax 20kg,5 x Canimax 20kg,5 x Canimax 20kg,Y,N,N,None,-,N,N,Y,Y,N,-,,
Canine Allwormer Tablets for Dogs,Value Plus Animal Health Care Products Pty. Ltd. ,"<12wks, worm every 2 wks from 2wks",Every 1 Month,Every 3 Months,Every 3 Months,1/4 x Canine 10kg,1/4 x Canine 10kg,1/2 x Canine 10kg,1/2 x Canine 10kg,1/2 x Canine 10kg,1 x Canine 10kg,1.5 x Canine 10kg,2 x Canine 10kg,2.5 x Canine 10kg,3 x Canine 10kg,3.5 x Canine 10kg,1 x Canine 40kg,1.5 x Canine 40kg,1.5 x Canine 40kg,1.5 x Canine 40kg,1.5 x Canine 40kg,2 x Canine 40kg,2 x Canine 40kg,2 x Canine 40kg,2 x Canine 40kg,2.5 x Canine 40kg,2.5 x Canine 40kg,2.5 x Canine 40kg,2.5 x Canine 40kg,N,N,N,None,-,Y,N,Y,Y,N,-,,
Drontal Allwormer for Dogs,Bayer Australia Ltd.,"<12wks, worm every 2 wks from 2wks",Every 1 Month,Every 3 Months,Every 3 Months,1/2 x Drontal 3kg,1 x Drontal 3kg,1 x Drontal 3kg,1/2 x Drontal 10kg,1/2 x Drontal 10kg,1 x Drontal 10kg,1.5 x Drontal 10kg,2 x Drontal 10kg,2.5 x Drontal 10kg,3 x Drontal 10kg,1 x Drontal 35kg,1.5 x Drontal 35kg,1.5 x Drontal 35kg,2 x Drontal 35kg,2 x Drontal 35kg,2 x Drontal 35kg,2 x Drontal 35kg,2 x Drontal 35kg,2.5 x Drontal 35kg,2.5 x Drontal 35kg,2.5 x Drontal 35kg,3 x Drontal 35kg,3 x Drontal 35kg,3.5 x Drontal 35kg,N,N,N,None,-,Y,N,Y,Y,N,-,,
Drontal Allwormer Chewable for Dogs,Bayer Australia Ltd.,"<12wks, worm every 2 wks from 2wks",Every 1 Month,Every 3 Months,Every 3 Months,Use Drontal Allwormer for Dogs 3kg,Use Drontal Allwormer for Dogs 3kg,Use Drontal Allwormer for Dogs 3kg,Use Drontal Allwormer for Dogs 3kg,1/2 x Drontal 10kg,1 x Drontal 10kg,1.5 x Drontal 10kg,2 x Drontal 10kg,2.5 x Drontal 10kg,3 x Drontal 10kg,1 x Drontal 35kg,1.5 x Drontal 35kg,1.5 x Drontal 35kg,2 x Drontal 35kg,2 x Drontal 35kg,2 x Drontal 35kg,2 x Drontal 35kg,2 x Drontal 35kg,2.5 x Drontal 35kg,2.5 x Drontal 35kg,2.5 x Drontal 35kg,3 x Drontal 35kg,3 x Drontal 35kg,3.5 x Drontal 35kg,N,N,N,None,-,Y,N,Y,Y,N,-,,
Drontal Worming Suspesion for Puppies,Bayer Australia Ltd.,"<12wks, worm every 2 wks from 2wks",Every 1 Month,Use Drontal Allwormer for Dogs,-,1ml,2ml,3ml,4ml,5ml,Use Drontal Allwormer for Dogs,-,-,-,-,-,-,-,-,-,-,-,-,-,-,-,-,-,-,N,N,N,"Tapeworm, Hydatids",-,Y,Y,Y,Y,Hydatids,,
Endogard Palatable Allwormer for Small Dogs and puppies, Medium & Large Dogs",Virbac Australia Pty. Ltd. ,"<12wks, worm every 2 wks from 2wks",Every 1 Month,Every 3 Months,Every 3 Months,1/4 x Endogard Small Dogs & Puppies,1/2 x Endogard Small Dogs & Puppies,1 x Endogard 5kg,1 x Endogard 5kg,1 x Endogard 5kg,1 x Endogard 10kg,1.5 x Endogard 10kg,1 x Endogard 20kg,1.5 x Endogard 20kg,1.5 x Endogard 20kg,2 x Endogard 20kg,2 x Endogard 20kg,2.5 x Endogard 20kg,2.5 x Endogard 20kg,3 x Endogard 20kg,3 x Endogard 20kg,3.5 x Endogard 20kg,3.5 x Endogard 20kg,4 x Endogard 20kg,4 x Endogard 20kg,4.5 x Endogard 20kg,4.5 x Endogard 20kg,5 x Endogard 20kg,5 x Endogard 20kg,N,N,N,None,-,Y,N,Y,Y,N,-,,
Excelpet Ezy-Dose Intestinal All Wormer for Dogs,Exelpet Products.,"<12wks, worm every 2 wks from 2wks",Every 1 Month,Every 3 Months,Every 3 Months,1/4 x Excelpet 10kg,1/4 x Excelpet 10kg,1/2 x Excelpet 10kg,1/2 x Excelpet 10kg,1/2 x Excelpet 10kg,1 x Excelpet 10kg,1.5 x Excelpet 10kg,2 x Excelpet 10kg,2.5 x Excelpetl 10kg,3 x Excelpet 10kg,3.5 x Excelpet 10kg,4 x Excelpet 10kg,4.5 x Excelpet 10kg,5 x Excelpet 10kg,5.5 x Excelpet 10kg,6 x Excelpet 10kg,6.5 x Excelpet 10kg,7 x Excelpet 10kg,7.5 x Excelpet 10kg,8 x Excelpet 10kg,8.5 x Excelpet 10kg,9 x Excelpet 10kg,9.5 x Excelpet 10kg,10 x Excelpet 10kg,N,N,N,None,-,Y,N,Y,Y,N,-,,
Excelpet Ezy-Dose Intestinal Wormer for Small Dogs & Puppies,Exelpet Products.,"<12wks, worm every 2 wks from 2wks",Every 1 Month,Use Excelpet Ezy-Dose Intestinal All Wormer for Dogs,-,1/4 x Excelpet Small Dog & Puppy,1/2 x Excelpet Small Dog & Puppy,1 x Excelpet Small Dog & Puppy,1 x Excelpet Small Dog & Puppy,1 x Excelpet Small Dog & Puppy,Use Excelpet Ezy-Dose Intestinal All Wormer for Dogs,-,-,-,-,-,-,-,-,-,-,-,-,-,-,-,-,-,-,N,N,N,None,-,Y,N,Y,Y,N,-,,
Fidos Closasole Broadspectrum Wormer for Dogs,Mavlab.,"<12wks, worm every 2 wks from 2wks",Every 1 Month,Every 3 Months,Every 3 Months,1/4 x Fidos 10kg,1/4 x Fidos 10kg,1/2 x Fidos 10kg,1/2 x Fidos 10kg,1/2 x Fidos 10kg,1 x Fidos 10kg,1.5 x Fidos 10kg,2 x Fidos 10kg,2.5 x Fidos 10kg,3 x Fidos 10kg,3.5 x Fidos 10kg,4 x Fidos 10kg,4.5 x Fidos 10kg,5 x Fidos 10kg,5.5 x Fidos 10kg,6 x Fidos 10kg,6.5 x Fidos 10kg,7 x Fidos 10kg,7.5 x Fidos 10kg,8 x Fidos 10kg,8.5 x Fidos 10kg,9 x Fidos 10kg,9.5 x Fidos 10kg,10 x Fidos 10kg,N,N,N,"Hydatids, Whipworm",-,Y,N,Y,Y,"Hydatids, Whipworm",,
Guardian Complete Worming Chew Monthly Heartworm & Intestinal Allwormer for Dogs,Intervet/MSD.,">6wks but <12wks, worm every 2 wks",Every 1 Month,Every 3 Months,Every 3 Months,1/4 x Guardian 10kg,1/4 x Guardian 10kg,1/2 x Guardian 10kg,1/2 x Guardian 10kg,1/2 x Guardian 10kg,1 x Guardian 10kg,1.5 x Guardian 10kg,2 x Guardian 10kg,2.5 x Guardian 10kg,3 x Guardian 10kg,3.5 x Guardian 10kg,4 x Guardian 10kg,4.5 x Guardian 10kg,5 x Guardian 10kg,5.5 x Guardian 10kg,6 x Guardian 10kg,6.5 x Guardian 10kg,7 x Guardian 10kg,7.5 x Guardian 10kg,8 x Guardian 10kg,8.5 x Guardian 10kg,9 x Guardian 10kg,9.5 x Guardian 10kg,Guardian,Y,N,N,None,-,N,N,Y,Y,N,-,,
Heartgard Plus Chewables,Merial Australia Pty. Ltd. ,>6wks give every 1 Month,Every 1 Month,Every 1 Month,Every 1 Month,1/4 x Heartgard 11kg,1/4 x Heartgard 11kg,1/4 x Heartgard 11kg,1/4 x Heartgard 11kg,1/2 x Heartgard 11kg,1/2 x Heartgard 11kg,1/2 x Heartgard 11-22kg,1 x Heartgard 11-22kg,1/2 x Heartgard 23-45kg,1 x Heartgard 23-45kg,1 x Heartgard 23-45kg,1 x Heartgard 23-45kg,1 x Heartgard 23-45kg,1.5 x Heartgard 23-45kg,1.5 x Heartgard 23-45kg,1.5 x Heartgard 23-45kg,1.5 x Heartgard 23-45kg,2 x Heartgard 23-45kg,2 x Heartgard 23-45kg,2 x Heartgard 23-45kg,2 x Heartgard 23-45kg,2 x Heartgard 23-45kg,2.5 x Heartgard 23-45kg,2.5 x Heartgard 23-45kg,Y,N,N,"Tapeworm, Hydatids, Whipworm",-,N,Y,Y,Y,"Hydatids, Whipworm",,
Interceptor Spectrum Tasty Chews for Dogs,Novartis Animal Health Australasia Pty. Ltd. ,"<8wks, worm every 2 weeks, from 8wks worm every 1 Month",Every 1 Month,Every 1 Month,Every 1 Month,1/2 x Interceptor <4kg,1/2 x Interceptor <4kg,1 x Interceptor <4kg,1 x Interceptor <4kg,1/2 x Interceptor 4-11kg,1 x Interceptor 4-11kg,1/2 x Interceptor 11-22kg,1 x Interceptor 11-22kg,1/2 x Interceptor 22-45kg,1 x Interceptor 22-45kg,1 x Interceptor 22-45kg,1 x Interceptor 22-45kg,1 x Interceptor 22-45kg,1.5 x Interceptor 22-45kg,1.5 x Interceptor 22-45kg,1.5 x Interceptor 22-45kg,1.5 x Interceptor 22-45kg,2 x Interceptor 22-45kg,2 x Interceptor 22-45kg,2 x Interceptor 22-45kg,2 x Interceptor 22-45kg,2 x Interceptor 22-45kg,2.5 x Interceptor 22-45kg,2.5 x Interceptor 22-45kg,Y,N,N,None,-,N,N,Y,Y,N,-,,
Excelpet Intestinal All Wormer for Dogs,Exelpet Products.,"<12wks, worm every 2 wks from 2wks",Every 1 Month,Every 3 Months,Every 3 Months,1/4 x Excelpet 10kg,1/4 x Excelpet 10kg,1/2 x Excelpet 10kg,1/2 x Excelpet 10kg,1/2 x Excelpet 10kg,1 x Excelpet 10kg,1.5 x Excelpet 10kg,2 x Excelpet 10kg,2.5 x Excelpetl 10kg,3 x Excelpet 10kg,3.5 x Excelpet 10kg,4 x Excelpet 10kg,4.5 x Excelpet 10kg,5 x Excelpet 10kg,5.5 x Excelpet 10kg,6 x Excelpet 10kg,6.5 x Excelpet 10kg,7 x Excelpet 10kg,7.5 x Excelpet 10kg,8 x Excelpet 10kg,8.5 x Excelpet 10kg,9 x Excelpet 10kg,9.5 x Excelpet 10kg,10 x Excelpet 10kg,N,N,N,None,-,Y,N,Y,Y,N,-,,
Milbemax Tablets for Small Dogs and Puppies, Dogs",Novartis Animal Health Australasia Pty. Ltd. ,"<12wks, worm every 2 wks from 2wks",Every 1 Month,Every 3 Months,Every 3 Months,1/2 x Milbemax Small Dogs & puppies,1 x Milbemax Small Dogs and puppies,1 x Milbemax Small Dogs & Puppies,1 x Milbemax Small Dogs and Puppies,1 x Milbemax Small Dogs & Puppies,1/2 x Milbemax 5-25kg,1 x Milbemax 5-25kg,1 x Milbemax 5-25kg,1 x Milbemax 5-25kg,1.5 x Milbemax 5-25kg,1.5 x Milbemax 5-25kg,2 x Milbemax 5-25kg,2 x Milbemax 5-25kg,2 x Milbemax 5-25kg,2.5 x Milbemax 5-25kg,2.5 x Milbemax 5-25kg,2.5 x Milbemax 5-25kg,3 x Milbemax 5-25kg,3 x Milbemax 5-25kg,3.5 x Milbemax 5-25kg,3.5 x Milbemax 5-25kg,4 x Milbemax 5-25kg,4 x Milbemax 5-25kg,4 x Milbemax 5-25kg,N,N,N,None,-,Y,N,Y,Y,N,-,,
Panoramis Chewable Tablets for Dogs,Elanco Animal Health. ,">8wks, worm every 1 Month",Every 1 Month,Every 1 Month,Every 1 Month,1/2 x Panoramis 2.3-4.5kg,1/2 x Panoramis 2.3-4.5kg,1 x Panoramis 2.3-4.5kg,1 x Panoramis 2.3-4.5kg,1 x Panoramis 4.6-9kg,1 x Panoramis 4.6-9kg,1 x Panoramis 9-18kg,1/2 x Panoramis 18-27kg,1 x Panoramis 18-27kg,1/2 x Panoramis 27-54kg,1 x Panoramis 27-54kg,1 x Panoramis 27-54kg,1 x Panoramis 27-54kg,1 x Panoramis 27-54kg,1 x Panoramis 27-54kg,1.5 x Panoramis 27-54kg,1.5 x Panoramis 27-54kg,1.5 x Panoramis 27-54kg,1.5 x Panoramis 27-54kg,1.5 x Panoramis 27-54kg,2 x Panoramis 27-54kg,2 x Panoramis 27-54kg,2 x Panoramis 27-54kg,2 x Panoramis 27-54kg,Y,Y,N,Tapeworm,-,N,Y,N,Y,N,-,,
Paraban Intestinal Allwormer Tablets for Dogs,Ceva Delvet Pty. Ltd. ,"<12wks, worm every 2 wks from 2wks",Every 1 Month,Every 3 Months,Every 3 Months,1/4 x Paraban 10kg,1/4 x Paraban 10kg,1/2 x Paraban 10kg,1/2 x Paraban 10kg,1/2 x Paraban 10kg,1 x Paraban 10kg,1.5 x Paraban 10kg,2 x Paraban 10kg,2.5 x Paraban 10kg,3 x Paraban 10kg,3.5 x Paraban 10kg,1 x Paraban 40kg,1.5 x Paraban 40kg,1.5 x Paraban 40kg,1.5 x Paraban 40kg,1.5 x Paraban 40kg,2 x Paraban 40kg,2 x Paraban 40kg,2 x Paraban 40kg,2 x Paraban 40kg,2.5 x Paraban 40kg,2.5 x Paraban 40kg,2.5 x Paraban 40kg,2.5 x Paraban 40kg,N,N,N,None,-,Y,N,Y,Y,N,-,,
Paragard Broad Spectrum Wormer for Dogs,Merial Australia Pty. Ltd. ,"<12wks, worm every 2 wks from 2wks",Every 1 Month,Every 3 Months,Every 3 Months,1/4 Paragard 10kg,1/4 Paragard 10kg,1/2 Paragard 10kg,1/2 Paragard 10kg,1/2 Paragard 10kg,1 x Paragard 10kg,1.5 x Paragard 10kg,2 x Paragard 10kg,2.5 x Paragard 10kg,3 x Paragard 10kg,1 x Paragard 35kg,1.5 x Paragard 35kg,1.5 x Paragard 35kg,2 x Paragard 35kg,2 x Paragard 35kg,2 x Paragard 35kg,2 x Paragard 35kg,2 x Paragard 35kg,2.5 x Paragard 35kg,2.5 x Paragard 35kg,2.5 x Paragard 35kg,3 x Paragard 35kg,3 x Paragard 35kg,3.5 x Paragard 35kg,N,N,N,None,-,Y,N,Y,Y,N,-,,
Paratak Plus Broad Spectrum Wormer for Dogs,Bayer Australia Ltd.,"<12wks, worm every 2 wks from 2wks",Every 1 Month,Every 3 Months,Every 3 Months,1/4 x Paratak 10kg,1/4 x Paratak 10kg,1/2 x Paratak 10kg,1/2 x Paratak 10kg,1/2 x Paratak 10kg,1 x Paratak 10kg,1.5 x Paratak 10kg,1/2 x Paratak 40kg,1 x Paratak 40kg,1 x Paratak 40kg,1 x Paratak 40kg,1 x Paratak 40kg,1.5 x Paratak 40kg,1.5 x Paratak 40kg,1.5 x Paratak 40kg,1.5 x Paratak 40kg,2 x Paratak 40kg,2 x Paratak 40kg,2 x Paratak 40kg,2 x Paratak 40kg,2.5 x Paratak 40kg,2.5 x Paratak 40kg,2.5 x Paratak 40kg,2.5 x Paratak 40kg,N,N,N,None,-,Y,N,Y,Y,N,-,,
Popantel Allwormer Tablets for Dogs,Jurox Pty. Ltd. ,"<12wks, worm every 2 wks from 2wks",Every 1 Month,Every 3 Months,Every 3 Months,1/4 x Popantel 10kg,1/4 x Popantel 10kg,1/2 x Popantel 10kg,1/2 x Popantel 10kg,1/2 x Popantel 10kg,1 x Popantel 10kg,1.5 x Popantel 10kg,1/2 x Popantel 40kg,1 x Popantel 40kg,1 x Popantel 40kg,1 x Popantel 40kg,1 x Popantel 40kg,1.5 x Popantel 40kg,1.5 x Popantel 40kg,1.5 x Popantel 40kg,1.5 x Popantel 40kg,2 x Popantel 40kg,2 x Popantel 40kg,2 x Popantel 40kg,2 x Popantel 40kg,2.5 x Popantel 40kg,2.5 x Popantel 40kg,2.5 x Popantel 40kg,2.5 x Popatnel 40kg,N,N,N,None,-,Y,N,Y,Y,N,-,,
Popantel F Flavoured Allwormer Tablets for Dogs,Jurox Pty. Ltd. ,"<12wks, worm every 2 wks from 2wks",Every 1 Month,Every 3 Months,Every 3 Months,1/4 x Popantel 10kg,1/4 x Popantel 10kg,1/2 x Popantel 10kg,1/2 x Popantel 10kg,1/2 x Popantel 10kg,1 x Popantel 10kg,1.5 x Popantel 10kg,1/2 x Popantel 35kg,3 x Popantel 10kg,1 x Popantel 35kg,1 x Popantel 35kg,1.5 x Popantel 35kg,1.5 x Popantel 35kg,2 x Popantel 35kg,2 x Popantel 35kg,2 x Popantel 35kg,2 x Popantel 35kg,2 x Popantel 35kg,2.5 x Popantel 35kg,2.5 x Popantel 35kg,2.5 x Popantel 35kg,3 x Popantel 35kg,3 x Popantel 35kg,3.5 x Popantel 35kg,N,N,N,None,-,Y,N,Y,Y,N,-,,
Troy Puppy & Kitten Worm Syrup,Troy Laboratories Pty. Ltd. ,"<12wks, worm every 2 wks from 2wks",Every 1 Month,Use appropriate allwormer,Use appropriate allwormer,1ml,2ml,3ml,4ml,5ml,Use appropriate allwormer,-,-,-,-,-,-,-,-,-,-,-,-,-,-,-,-,-,-,N,N,N,"Tapeworm, Hydatids, Whipworm, Hookworm",-,Y,N,Y,Y,"hydatids, whipworm, hookworm",,
Pyraquantel Allwormer Tablets for Dogs,Ilium Veterinary Products. ,"<12wks, worm every 2 wks from 2wks",Every 1 Month,Every 3 Months,Every 3 Months,1/4 x Pyraquantel 10kg,1/4 x Pyraquantel 10kg,1/2 x Pyraquantel 10kg,1/2 x Pyraquantel 10kg,1/2 x Pyraquantel 10kg,1 x Pyraquantel 10kg,1.5 x Pyraquantel 10kg,2 x Pyraquantel 10kg,2.5 x Pyraquantel 10kg,3 x Pyraquantel 10kg,3.5 x Pyraquantel 10kg,4 x Pyraquantel 10kg,4.5 x Pyraquantel 10kg,5 x Pyraquantel 10kg,5.5 x Pyraquantel 10kg,6 x Pyraquantel 10kg,6.5 x Pyraquantel 10kg,7 x Pyraquantel 10kg ,7.5 x Pyraquantel 10kg,8 x Pyraquantel 10kg,8.5 x Pyraquantel 10kg,9 x Pyraquantel 10kg,9.5 x Pyraquantel 10kg,10 x Pyraquantel 10kg,N,N,N,None,-,Y,N,Y,Y,N,-,,
Revolution for Puppies and Kittens, Dogs",Pfizer Animal Health,">6wks, worm every 1 Month",Every 1 Month,Every 1 Month,Every 1 Month,1 x Revolution <2.5kg,1 x Revolution <2.5kg,1 x Revolution 2.5-5kg,1 x Revolution 2.5-5kg,1 x Revolution 2.5-5kg ,1 x Revolution 5-10kg,1 x Revolution 10-20kg,1 x Revolution 10-20kg,1 x Revolution 20-40kg,1 x Revolution 20-40kg,1 x Revolution 20-40kg,1 x Revolution 20-40kg,1.5 x Revolution 20-40kg,1.5 x Revolution 20-40kg,1.5 x Revolution 20-40kg,1.5 x Revolution 20-40kg,2 x Revolution 20-40kg,2 x Revolution 20-40kg,2 x Revolution 20-40kg,2 x Revolution 20-40kg,2.5 x Revolution 20-40kg,2.5 x Revolution 20-40kg,2.5 x Revolution 20-40kg,2.5 x Revolution 20-40kg,Y,Y,N,"Roundworms, Hookworm, Whipworms, Tapeworm. ",-,N,Y,Y,Y,"hookworm, whipworm, roundworm",,
Sentinel Spectrum Tasty Chews for Dogs,Novartis Animal Health Australasia Pty. Ltd. ,">6wks, worm every 1 Month",Every 1 Month,Every 1 Month,Every 1 Month,1/2 x Sentinel <4kg,1/2 x Sentinel <4kg,1 x Sentinel <4kg,1 x Sentinel <4kg,1/2 x Sentinel 4-11kg,1 x Sentinel 4-11kg,1/2 x Sentinel 11-22kg,1 x Sentinel 11-22kg,1/2 x Sentinel 22-45kg,1 x Sentinel 22-45kg,1 x Sentinel 22-45kg,1 x Sentinel 22-45kg,1 x Sentinel 22-45kg,1.5 x Sentinel 22-45kg,1.5 x Sentinel 22-45kg,1.5 x Sentinel 22-45kg,1.5 x Sentinel 22-45kg,2 x Sentinel 22-45kg,2 x Sentinel 22-45kg,2 x Sentinel 22-45kg,2 x Sentinel 22-45kg,2 x Sentinel 22-45kg,2.5 x Sentinel 22-45kg,2.5 x Sentinel 22-45kg,Y,Y,N,None,-,N,N,Y,Y,N,-,,
Vetsense Wormgard Puppy Suspension,CM Laboratories Pty. Ltd. ,"<12wks, worm every 2 wks from 2wks",Every 1 Month,Use appropriate allwormer,Use appropriate allwormer,1ml,2ml,3ml,4ml,5ml,Use appropriate allwormer,-,-,-,-,-,-,-,-,-,-,-,-,-,-,-,-,-,-,N,N,N,"Tapeworm, Hydatids, Whipworm, Hookworm",-,Y,Y,Y,Y,"hydatids, whipworm, hookworm",,
Worm Free Allwormer for Dogs,Ranvet Pty. Ltd. ,"<12wks, worm every 2 wks from 2wks",Every 1 Month,Every 3 Months,Every 3 Months,1/4 x Worm Free 10kg,1/4 x Worm Free 10kg,1/2 x Worm Free 10kg,1/2 x Worm Free 10kg,1/2 x Worm Free 10kg,1 x Worm Free 10kg,1.5 x Worm Free 10kg,2 x Worm Free 10kg,1 x Worm Free 25kg,1.5 x Worm Free 25kg,1.5 x Worm Free 25kg,2 x Worm Free 25kg,2 x Worm Free 25kg,2 x Worm Free 25kg,2.5 x Worm Free 25kg,2.5 x Worm Free 25kg,3 x Worm Free 25kg,3 x Worm Free 25kg,3 x Worm Free 25kg,3.5 x Worm Free 25kg ,4 x Worm Free 25kg,4 x Worm Free 25kg,4 x Worm Free 25kg,4 x Worm Free 25kg,N,N,N,None,-,Y,N,Y,Y,N,-,,
Worm Ban ,Troy Laboratories Pty. Ltd. ,"<12wks, worm every 2 wks from 2wks",Every 1 Month,Use appropriate allwormer,Use appropriate allwormer,1ml,2ml,3ml,4ml,5ml,Use appropriate allwormer,-,-,-,-,-,-,-,-,-,-,-,-,-,-,-,-,-,-,N,N,N,"Whipworm, Tapeworm",-,Y,Y,Y,Y,Whipworm,,
Wormex Allwormer Tablets for Dogs,Troy Laboratories Pty. Ltd. ,"<12wks, worm every 2 wks from 2wks",Every 1 Month,Every 3 Months,Every 3 Months,1/4 x Wormex 10kg,1/4 x Wormex 10kg,1/2 x Wormex 10kg,1/2 x Wormex 10kg,1/2 x Wormex 10kg,1 x Guardian 10kg,1.5 x Guardian 10kg,2 x Guardian 10kg,2.5 x Guardian 10kg,3 x Guardian 10kg,3.5 x Guardian 10kg,4 x Guardian 10kg,4.5 x Guardian 10kg,5 x Guardian 10kg,5.5 x Guardian 10kg,6 x Guardian 10kg,6.5 x Guardian 10kg,7 x Guardian 10kg,7.5 x Guardian 10kg,8 x Guardian 10kg,8.5 x Guardian 10kg,9 x Guardian 10kg,9.5 x Guardian 10kg,Guardian,Y,N,N,None,-,N,N,Y,Y,N,-,,
,,,,,,,,,,,,,,,,,,,,,,,,,,,,,,,,,,,,,,,,,,
Step 2: Heartworm Prevention:,,,,,,,,,,,,,,,,,,,,,,,,,,,,,,,,,,,,,,,,,,
,,Reminder Frequency:,,,,Dose to be Administered:,,,,,,,,,,,,,,,,,,,,,,,,Exclusions:,,,Warnings:,Next Step - Go To:,,,,,,,Recommendations:,Other Precautions:
Product,Manufacturer,<3mnths,3-6mnth,6-12mth,>12mnth,1kg,2kg,3kg,4kg,5kg,5-10kg,10-15kg,15-20kg,20-25kg,25-30kg,30-35kg,35-40kg,40-45kg,45-50kg,50-55kg,55-60kg,60-65kg,65-70kg,70-75kg,75-80kg,80-85kg,85-90kg,90-95kg,95-100kg,HWP?,Fleas?,Ticks?,Exclusions?,,,,,,,,,
Advocate (Bayer),Bayer Australia Ltd.,">7wk, monthly ",Every 1 Month,Every 1 Month,Every 1 Month,1 x Green tube (<4kg),1 x Green tube (<4kg),1 x Green tube (<4kg),1 x Green tube (<4kg),1 x Turquoise tube (4-10kg),1 x Turquoise tube (4-10kg),1 x Maroon tube (10-25kg),1 x Maroon tube (10-25kg),1 x Maroon tube (10-25kg),1 x Blue tube (>25kg),1 x Blue tube (>25kg),1 x Blue tube (>25kg),1 x Blue tube (>25kg),2 x Blue tubes (>25kg),3 x Blue tubes (>25kg),3 x Blue tubes (>25kg),3 x Blue tubes (>25kg),3 x Blue tubes (>25kg),3 x Blue tubes (>25kg),3 x Blue tubes (>25kg),3 x Blue tubes (>25kg),3 x Blue tubes (>25kg),3 x Blue tubes (>25kg),4 x Blue tubes (>25kg),Y,Y,N,"Tapeworm, Hydatids",N,-,Y,N,Y,Hydatids,,
Canimax Palatable Allwormer for Small, Medium, Large Dogs",Virbac Australia Pty. Ltd. ,">6wks, worm every 6 weeks",Every 6 Weeks,Every 6 Weeks,Every 6 Weeks,1/4 x Canimax 5kg,1/2 x Canimax 5kg,1 x Canimax 5kg,1 x Canimax 5kg,1 x Canimax 5kg,1 x Canimax 10kg,1.5 x Canimax 10kg,1 x Canimax 20kg,1.5 x Canimax 20kg,1.5 x Canimax 20kg,2 x Canimax 20kg,2 x Canimax 20kg,2.5 x Canimax 20kg,2.5 x Canimax 20kg,3 x Canimax 20kg,3 x Canimax 20kg,3.5 x Canimax 20kg,3.5 x Canimax 20kg,4 x Canimax 20kg,4 x Canimax 20kg,4.5 x Canimax 20kg,4.5 x Canimax 20kg,5 x Canimax 20kg,5 x Canimax 20kg,Y,N,N,None,N,-,N,Y,Y,N,-,,
Dimmitrol Monthly Heartworm Chewables,Mavlab Pty. Ltd. ,">6wks, worm every 1 Month",Every 1 Month,Every 1 Month,Every 1 Month,1/4 x Dimmitrol Chew,1/4 x Dimmitrol Chew,1/4 x Dimmitrol Chew,1/4 x Dimmitrol Chew,1/4 x Dimmitrol Chew,1/2 x Dimmitrol Chew,1 x Dimmitrol Chew,1 x Dimmitrol Chew,2 x Dimmitrol Chews,2 x Dimmitrol Chews,2 x Dimmitrol Chews,2 x Dimmitrol Chews,3 x Dimmitrol Chews,3 x Dimmitrol Chews,3 x Dimmitrol Chews,3 x Dimmitrol Chews,3 x Dimmitrol Chews,4 x Dimmitrol Chews,4 x Dimmitrol Chews,4 x Dimmitrol Chews,4 x Dimmitrol Chews,4 x Dimmitrol Chews,5 x Dimmitrol Chews,5 x Dimmitrol Chews,Y,N,N,All gastrointestinal Worms,Y,-,Y,Y,Y,N,-,,
Dimmitrol Heartworm Tablet,Mavlab Pty. Ltd. ,">6wks, worm daily",Worm Daily,Worm Daily,Worm Daily,1/4 x Dimmitrol 50mg,1/4 x Dimmitrol 50mg,1/2 x Dimmitrol 50mg,1/2 x Dimmitrol 50mg,1/2 x Dimmitrol 50mg,1 x Dimmitrol 50mg,1/2 x Dimmitrol 200mg,1 x Dimmitrol 200mg,1 x Dimmitrol 200mg,1 x Dimmitrol 200mg,1 x Dimmitrol 200mg,1/2 x Dimmitrol 400mg,1 x Dimmitrol 400mg,1 x Dimmitrol 400mg,1 x Dimmitrol 400mg,1 x Dimmitrol 400mg,1 x Dimmitrol 400mg,1 x Dimmitrol 400mg,1 x Dimmitrol 400mg,1.5 x Dimmitrol 400mg,1.5 x Dimmitrol 400mg,1.5 x Dimmitrol 400mg,1.5 x Dimmitrol 400mg,1.5 x Dimmitrol 400mg,Y,N,N,All gastrointestinal Worms,Y,-,Y,Y,Y,N,-,,
Ezy-Dose Monthly Heartworm Treatment,Exelpet Products. ,">6wks, worm monthly",Every 1 Month,Every 1 Month,Every 1 Month,1/4 EzyDose <11kg,1/4 x EzyDose <11kg,1/2 x EzyDose <11kg,1/2 x EzyDose <11kg,1/2 x EzyDose <11kg,1 x EzyDose <11kg,1 x EzyDose 11-23kg,1 x EzyDose 11-23kg,1 x EzyDose 23-45kg,1 x EzyDose 23-45kg,1 x EzyDose 23-45kg,1 x EzyDose 23-45kg,1 x EzyDose 23-45kg,1.5 x EzyDose 23-45kg,1.5 x EzyDose 23-45kg,1.5 x EzyDose 23-45kg,1.5 x EzyDose 23-45kg,1.5 x EzyDose 23-45kg,1.5 x EzyDose 23-45kg,2 x EzyDose 23-45kg,2 x EzyDose 23-45kg,2 x EzyDose 23-45kg,2.5 x EzyDose 23-45kg,2.5 x EzyDose 23-45kg,Y,N,N,All gastrointestinal Worms,Y,-,Y,Y,Y,N,-,,
Guardian Complete Worming Chew Monthly Heartworm & Intestinal Allwormer for Dogs,Intervet/ MSD. ,">6wks but <12wks, worm every 2 wks",Every 1 Month,Every 3 Months,Every 3 Months,1/4 x Guardian 10kg,1/4 x Guardian 10kg,1/2 x Guardian 10kg,1/2 x Guardian 10kg,1/2 x Guardian 10kg,1 x Guardian 10kg,1.5 x Guardian 10kg,2 x Guardian 10kg,2.5 x Guardian 10kg,3 x Guardian 10kg,3.5 x Guardian 10kg,4 x Guardian 10kg,4.5 x Guardian 10kg,5 x Guardian 10kg,5.5 x Guardian 10kg,6 x Guardian 10kg,6.5 x Guardian 10kg,7 x Guardian 10kg,7.5 x Guardian 10kg,8 x Guardian 10kg,8.5 x Guardian 10kg,9 x Guardian 10kg,9.5 x Guardian 10kg,Guardian,Y,N,N,None,N,-,N,Y,Y,N,-,,
Heartgard Gold Chewables,Vetafarm. ,">6wks, worm every 1 Month",Every 1 Month,Every 1 Month,Every 1 Month,1/4 x Heartgard Chew,1/4 x Heartgard Chew,1/4 x Heartgard Chew,1/4 x Heartgard Chew,1/4 x Heartgard Chew,1/2 x Heartgard Chew,1 x Heartgard Chew,1 x Heartgard Chew,2 x Heartgard Chews,2 x Heartgard Chews,2 x Heartgard Chews,2 x Heartgard Chews,3 x Heartgard Chews,3 x Heartgard Chews,3 x Heartgard Chews,3 x Heartgard Chews,3 x Heartgard Chews,4 x Heartgard Chews,4 x Heartgard Chews,4 x Heartgard Chews,4 x Heartgard Chews,4 x Heartgard Chews,5 x Heartgard Chews,5 x Heartgard Chews,Y,N,N,All gastrointestinal Worms,Y,-,Y,Y,Y,N,-,,
Heartgard30 Chewables,Merial Australia Pty. Ltd. ,>6wks give every 1 Month,Every 1 Month,Every 1 Month,Every 1 Month,1/4 x Heartgard 11kg,1/4 x Heartgard 11kg,1/4 x Heartgard 11kg,1/4 x Heartgard 11kg,1/2 x Heartgard 11kg,1/2 x Heartgard 11kg,1/2 x Heartgard 11-22kg,1 x Heartgard 11-22kg,1/2 x Heartgard 23-45kg,1 x Heartgard 23-45kg,1 x Heartgard 23-45kg,1 x Heartgard 23-45kg,1 x Heartgard 23-45kg,1.5 x Heartgard 23-45kg,1.5 x Heartgard 23-45kg,1.5 x Heartgard 23-45kg,1.5 x Heartgard 23-45kg,2 x Heartgard 23-45kg,2 x Heartgard 23-45kg,2 x Heartgard 23-45kg,2 x Heartgard 23-45kg,2 x Heartgard 23-45kg,2.5 x Heartgard 23-45kg,2.5 x Heartgard 23-45kg,Y,N,N,"Tapeworm, Hydatids, Whipworm",N,-,Y,Y,Y,"Hydatids, whipworm",,
Heartgard30 Plus Chewables,Merial Australia Pty. Ltd. ,>6wks give every 1 Month,Every 1 Month,Every 1 Month,Every 1 Month,1/4 x Heartgard 11kg,1/4 x Heartgard 11kg,1/4 x Heartgard 11kg,1/4 x Heartgard 11kg,1/2 x Heartgard 11kg,1/2 x Heartgard 11kg,1/2 x Heartgard 11-22kg,1 x Heartgard 11-22kg,1/2 x Heartgard 23-45kg,1 x Heartgard 23-45kg,1 x Heartgard 23-45kg,1 x Heartgard 23-45kg,1 x Heartgard 23-45kg,1.5 x Heartgard 23-45kg,1.5 x Heartgard 23-45kg,1.5 x Heartgard 23-45kg,1.5 x Heartgard 23-45kg,2 x Heartgard 23-45kg,2 x Heartgard 23-45kg,2 x Heartgard 23-45kg,2 x Heartgard 23-45kg,2 x Heartgard 23-45kg,2.5 x Heartgard 23-45kg,2.5 x Heartgard 23-45kg,Y,N,N,"Tapeworm, Hydatids, Whipworm",N,-,Y,Y,Y,"Hydatids, whipworm",,
Interceptor Spectrum Tasty Chews for Dogs,Novartis Animal Health Australasia Pty. Ltd. ,"<8wks, worm every 2 weeks, from 8wks worm every 1 Month",Every 1 Month,Every 1 Month,Every 1 Month,1/2 x Interceptor <4kg,1/2 x Interceptor <4kg,1 x Interceptor <4kg,1 x Interceptor <4kg,1/2 x Interceptor 4-11kg,1 x Interceptor 4-11kg,1/2 x Interceptor 11-22kg,1 x Interceptor 11-22kg,1/2 x Interceptor 22-45kg,1 x Interceptor 22-45kg,1 x Interceptor 22-45kg,1 x Interceptor 22-45kg,1 x Interceptor 22-45kg,1.5 x Interceptor 22-45kg,1.5 x Interceptor 22-45kg,1.5 x Interceptor 22-45kg,1.5 x Interceptor 22-45kg,2 x Interceptor 22-45kg,2 x Interceptor 22-45kg,2 x Interceptor 22-45kg,2 x Interceptor 22-45kg,2 x Interceptor 22-45kg,2.5 x Interceptor 22-45kg,2.5 x Interceptor 22-45kg,Y,N,N,None,N,-,N,Y,Y,N,-,,
Milbemax Tablets for Small Dogs and Puppies, Dogs",Novartis Animal Health Australasia Pty. Ltd. ,"<12wks, worm every 2 wks from 2wks, >8wks, worm every 1 Month",Every 1 Month,Every 3 Months,Every 3 Months,1/2 x Milbemax Small Dogs & puppies,1 x Milbemax Small Dogs and puppies,1 x Milbemax Small Dogs & Puppies,1 x Milbemax Small Dogs and Puppies,1 x Milbemax Small Dogs & Puppies,1/2 x Milbemax 5-25kg,1 x Milbemax 5-25kg,1 x Milbemax 5-25kg,1 x Milbemax 5-25kg,1.5 x Milbemax 5-25kg,1.5 x Milbemax 5-25kg,2 x Milbemax 5-25kg,2 x Milbemax 5-25kg,2 x Milbemax 5-25kg,2.5 x Milbemax 5-25kg,2.5 x Milbemax 5-25kg,2.5 x Milbemax 5-25kg,3 x Milbemax 5-25kg,3 x Milbemax 5-25kg,3.5 x Milbemax 5-25kg,3.5 x Milbemax 5-25kg,4 x Milbemax 5-25kg,4 x Milbemax 5-25kg,4 x Milbemax 5-25kg,Y,N,N,None,N,-,N,Y,Y,N,-,,
Nuheart Soluble Monthly Heartworm for Dogs,Pharmachem. ,>6wks give every 1 Month,Every 1 Month,Every 1 Month,Every 1 Month,1/4 x Nuheart 11kg,1/4 x Nuheart 11kg,1/4 x Nuheart 11kg,1/4 x Nuheart 11kg,1/2 x Nuheart 11kg,1/2 x Nuheart 11kg,1/2 x Nuheart 11-22kg,1 x Nuheart 11-22kg,1/2 x Nuheart 23-45kg,1 x Nuheart 23-45kg,1 x Nuheart 23-45kg,1 x Nuheart 23-45kg,1 x Nuheart 23-45kg,1.5 x Nuheart 23-45kg,1.5 x Nuheart 23-45kg,1.5 x Nuheart 23-45kg,1.5 x Nuheart 23-45kg,2 x Nuheart 23-45kg,2 x Nuheart 23-45kg,2 x Nuheart 23-45kg,2 x Nuheart 23-45kg,2 x Nuheart 23-45kg,2.5 x Nuheart 23-45kg,2.5 x Nuheart 23-45kg,Y,N,N,"Tapeworm, Hydatids, Whipworm",N,-,Y,Y,Y,"Hydatids, whipworm",,
Panoramis Chewable Tablets for Dogs,Elanco Animal Health. ,">8wks, worm every 1 Month",Every 1 Month,Every 1 Month,Every 1 Month,1/2 x Panoramis 2.3-4.5kg,1/2 x Panoramis 2.3-4.5kg,1 x Panoramis 2.3-4.5kg,1 x Panoramis 2.3-4.5kg,1 x Panoramis 4.6-9kg,1 x Panoramis 4.6-9kg,1 x Panoramis 9-18kg,1/2 x Panoramis 18-27kg,1 x Panoramis 18-27kg,1/2 x Panoramis 27-54kg,1 x Panoramis 27-54kg,1 x Panoramis 27-54kg,1 x Panoramis 27-54kg,1 x Panoramis 27-54kg,1 x Panoramis 27-54kg,1.5 x Panoramis 27-54kg,1.5 x Panoramis 27-54kg,1.5 x Panoramis 27-54kg,1.5 x Panoramis 27-54kg,1.5 x Panoramis 27-54kg,2 x Panoramis 27-54kg,2 x Panoramis 27-54kg,2 x Panoramis 27-54kg,2 x Panoramis 27-54kg,Y,Y,N,Tapeworm,N,-,Y,N,Y,N,-,,
Proheart Monthly Heartworm Tablets for (Small, Medium, Large, Extra Large) Dogs",Pfizer Animal Health. ,">4wks, worm every 1 Month",Every 1 Month,Every 1 Month,Every 1 Month,1/4 x Proheart Small Dog,1/4 x Proheart Small Dog,1/2 x Proheart Small Dog,1/2 x Proheart Small Dog,1/2 x Proheart Small Dog,1 x Proheart Small Dog,1 x Proheart Med Dog,1 x Proheart Med Dog,1 x Proheart Large Dog,1 x Proheart Large Dog,1 x Proheart Large Dog,1 x Proheart Large Dog,1 x Proheart Large Dog,1 x Proheart Extra Large Dog,1 x Proheart Extra Large Dog,1 x Proheart Extra Large Dog,1 x Proheart Extra Large Dog,1.5 x Proheart Extra Large Dog,1.5 x Proheart Extra Large Dog,1.5  Proheart Extra Large Dog,1.5 x Proheart Extra Large Dog,1.5 x Proheart Extra Large Dog,1.5 x Proheart Extra Large Dog,1.5 x Proheart Extra Large Dog,Y,Y,N,"Tapeworm, Hydatids",N,-,Y,N,Y,Hydatids ,,
Proheart SR12 Injection,Pfizer Animal Health. ,">12 weeks, administer every 3 months",Every 3 Months,Every 6 Months,Every 12 Months,To be administered by your veterinarian. ,Y,-,Y,Y,Y,Hydatids ,,
Revolution for Puppies and Kittens, Dogs",Pfizer Animal Health. ,">6wks, worm every 1 Month",Every 1 Month,Every 1 Month,Every 1 Month,1 x Revolution <2.5kg,1 x Revolution <2.5kg,1 x Revolution 2.5-5kg,1 x Revolution 2.5-5kg,1 x Revolution 2.5-5kg ,1 x Revolution 5-10kg,1 x Revolution 10-20kg,1 x Revolution 10-20kg,1 x Revolution 20-40kg,1 x Revolution 20-40kg,1 x Revolution 20-40kg,1 x Revolution 20-40kg,1.5 x Revolution 20-40kg,1.5 x Revolution 20-40kg,1.5 x Revolution 20-40kg,1.5 x Revolution 20-40kg,2 x Revolution 20-40kg,2 x Revolution 20-40kg,2 x Revolution 20-40kg,2 x Revolution 20-40kg,2.5 x Revolution 20-40kg,2.5 x Revolution 20-40kg,2.5 x Revolution 20-40kg,2.5 x Revolution 20-40kg,Y,Y,N,"Roundworms, Hookworm, Whipworms, Tapeworm. ",Y,-,Y,Y,Y,Hydatids ,,
Sentinel Spectrum Tasty Chews for Dogs,Novartis Animal Health Australasia Pty. Ltd. ,">6wks, worm every 1 Month",Every 1 Month,Every 1 Month,Every 1 Month,1/2 x Sentinel <4kg,1/2 x Sentinel <4kg,1 x Sentinel <4kg,1 x Sentinel <4kg,1/2 x Sentinel 4-11kg,1 x Sentinel 4-11kg,1/2 x Sentinel 11-22kg,1 x Sentinel 11-22kg,1/2 x Sentinel 22-45kg,1 x Sentinel 22-45kg,1 x Sentinel 22-45kg,1 x Sentinel 22-45kg,1 x Sentinel 22-45kg,1.5 x Sentinel 22-45kg,1.5 x Sentinel 22-45kg,1.5 x Sentinel 22-45kg,1.5 x Sentinel 22-45kg,2 x Sentinel 22-45kg,2 x Sentinel 22-45kg,2 x Sentinel 22-45kg,2 x Sentinel 22-45kg,2 x Sentinel 22-45kg,2.5 x Sentinel 22-45kg,2.5 x Sentinel 22-45kg,Y,Y,N,None,N,-,N,N,Y,Hydatids ,,
Valueheart Heartworm Tablets for (Small, Medium, Large) Dogs",Value Plus Animal Health Care Products Pty. Ltd. ,>6wks give every 1 Month,Every 1 Month,Every 1 Month,Every 1 Month,1/4 x Valuheart 11kg,1/4 x Valueheart 11kg,1/2 x Valueheart 11kg,1/2 x Valueheart 11kg,1/2 x Valueheart 11kg,1 x Valueheart 11kg,1 x Valueheart 22kg,1 x Valueheart 22kg,1 x Valueheart 45kg,1 x Valueheart 45kg,1 x Valueheart 45kg,1 x Valueheart 45kg,1 x Valueheart 45kg,1.5 x Valueheart 45kg,1.5 x Valueheart 45kg,1.5 x Valueheart 45kg,1.5 x Valueheart 45kg,2 x Valueheart 45kg,2 x Valueheart 45kg,2 x Valueheart 45kg,2 x Valueheart 45kg,2 x Valueheart 45kg,2.5 x Valueheart 45kg,2.5 x Valueheart 45kg,Y,N,N,All gastrointestinal Worms,Y,-,Y,Y,Y,Hydatids ,,
,,,,,,,,,,,,,,,,,,,,,,,,,,,,,,,,,,,,,,,,,,
Step 3: Tapeworm Prevention:,,,,,,,,,,,,,,,,,,,,,,,,,,,,,,,,,,,,,,,,,,
,,Reminder Frequency:,,,,Dose to be Administered:,,,,,,,,,,,,,,,,,,,,,,,,Exclusions:,,,Warnings:,Next Step - Go To:,,,,,,,Recommendations:,Other Precautions:
Product,,<3mnths,3-6mnth,6-12mth,>12mnth,1kg,2kg,3kg,4kg,5kg,5-10kg,10-15kg,15-20kg,20-25kg,25-30kg,30-35kg,35-40kg,40-45kg,45-50kg,50-55kg,55-60kg,60-65kg,65-70kg,70-75kg,75-80kg,80-85kg,85-90kg,90-95kg,95-100kg,HWP?,Fleas?,Ticks?,Exclusions?,,,,,,,,,
Droncit Tapewormer for Dogs and Cats,Bayer Australia Ltd. ,Not <12wks,Every 3 Months,Every 3 Months,Every 3 Months,1/4 x Droncit 10kg,1/4 x Droncit 10kg,1/2 x Droncit 10kg,1/2 x Droncit 10kg,1/2 x Droncit 10kg,1 x Droncit 10kg,1.5 x Droncit 10kg,2 x Droncit 10kg,2.5 x Droncit 10kg,3 x Droncit 10kg,3.5 x Droncit 10kg,4 x Droncit 10kg,4.5 x Droncit 10kg,5 x Droncit 10kg,5.5 x Droncit 10kg,6 x Droncit 10kg,6.5 x Droncit 10kg,7 x Droncit 10kg,7.5 x Droncit 10kg,8 x Droncit 10kg,8.5 x Droncit 10kg,9 x Droncit 10kg,9.5 x Droncit 10kg,10 x Droncit 10kg,N,N,N,All other Gastrointestinal Worms,Y,Y,-,Y,Y,N,-,,
Paratak Tapewormer for Dogs,Bayer Australia Ltd. ,Not <12wks,Every 6 Weeks,Every 6 Weeks,Every 6 weeks,1/4 x Paratak 10kg,1/4 x Paratak 10kg,1/2 x Paratak 10kg,1/2 x Paratak 10kg,1/2 x Paratak 10kg,1 x Paratak 10kg,1.5 x Paratak 10kg,2 x Paratak 10kg,2.5 x Paratak 10kg,3 x Paratak 10kg,3.5 x Paratak 10kg,4 x Paratak 10kg,4.5 x Paratak 10kg,5 x Paratak 10kg,5.5 x Paratak 10kg,6 x Paratak 10kg,6.5 x Paratak 10kg,7 x Paratak 10kg,7.5 x Paratak 10kg,8 x Paratak 10kg,8.5 x Paratak 10kg,9 x Paratak 10kg,9.5 x Paratak 10kg,10 x Paratak 10kg,N,N,N,All other Gastrointestinal Worms,Y,Y,-,Y,Y,N,-,,
Popantel Tapeworm Tablets for Dogs and Cats,Jurox Pty. Ltd. ,Not <12wks,Every 3 Months,Every 3 Months,Every 3 Months,1/4 x Popantel 10kg,1/4 x Popantel 10kg,1/2 x Popantel 10kg,1/2 x Popantel 10kg,1/2 x Popantel 10kg,1 x Popantel 10kg,1.5 x Popantel 10kg,2 x Popantel 10kg,2.5 x Popantel 10kg,3 x Popantel 10kg,3.5 x Popantel 10kg,4 x Popantel 10kg,4.5 x Popantel 10kg,5 x Popantel 10kg,5.5 x Popantel 10kg,6 x Popantel 10kg,6.5 x Popatnel 10kg,7 x Popantel 10kg,7.5 x Popantel 10kg,8 x Popantel 10kg,8.5 x Popantel 10kg,9 x Popantel 10kg,9.5 x Popantel 10kg,10 x Popantel 10kg,N,N,N,Spirometra: 1tablet/2.5kg,Y,Y,-,Y,Y,N,-,,
Tapewormer for Dogs and Cats,Jurox Pty. Ltd. ,Not <12wks,Every 3 Months,Every 3 Months,Every 3 Months,1/4 x Tapewormer 10kg,1/4 x Tapewormer 10kg,1/2 x Tapewormer 10kg,1/2 x Tapewormer 10kg,1/2 x Tapewormer 10kg,1 x Tapewormer 10kg,1.5 x Tapewormer 10kg,2 x Tapewormer 10kg,2.5 x Tapewormer 10kg,3 x Tapewormer 10kg,3.5 x Tapewormer 10kg,4 x Tapewormer 10kg,4.5 x Tapewormer 10kg,5 x Tapewormer 10kg,5.5 x Tapewormer 10kg,6 x Tapewormer 10kg,6.5 x Tapewormer 10kg,7 x Tapewormer 10kg,7.5 x Tapewormer 10kg,8 x Tapewormer 10kg,8.5 x Tapewormer 10kg,9 x Tapewormer 10kg,9.5 x Tapewormer 10kg,10 x Tapewormer 10kg,N,N,N,Spirometra: 1tablet/5kg,Y,Y,-,Y,Y,N,-,,
,,,,,,,,,,,,,,,,,,,,,,,,,,,,,,,,,,,,,,,,,,
Step 4: Flea Prevention:,,,,,,,,,,,,,,,,,,,,,,,,,,,,,,,,,,,,,,,,,,
,,Reminder Frequency:,,,,Dose to be Administered:,,,,,,,,,,,,,,,,,,,,,,,,Exclusions:,,,Warnings:,Next Step - Go To:,,,,,,,Recommendations:,Other Precautions:
Product,,<3mnths,3-6mnth,6-12mth,>12mnth,1kg,2kg,3kg,4kg,5kg,5-10kg,10-15kg,15-20kg,20-25kg,25-30kg,30-35kg,35-40kg,40-45kg,45-50kg,50-55kg,55-60kg,60-65kg,65-70kg,70-75kg,75-80kg,80-85kg,85-90kg,90-95kg,95-100kg,HWP?,Fleas?,Ticks?,Exclusions?,,,,,,,,,
Advantage (Bayer),Bayer Australia Ltd.,">2wks, monthly",Every 1 Month,Every 1 Month,Every 1 Month,1 x Green tube (<4kg),1 x Green tube (<4kg),1 x Green tube (<4kg),1 x Green tube (<4kg),1 x Turquoise tube (4-10kg),1 x Turquoise tube (4-10kg),1 x Maroon tube (10-25kg),1 x Maroon tube (10-25kg),1 x Maroon tube (10-25kg),1 x Blue tube (>25kg),1 x Blue tube (>25kg),1 x Blue tube (>25kg),1 x Blue tube (>25kg),2 x Blue tubes (>25kg),3 x Blue tubes (>25kg),3 x Blue tubes (>25kg),3 x Blue tubes (>25kg),3 x Blue tubes (>25kg),3 x Blue tubes (>25kg),3 x Blue tubes (>25kg),3 x Blue tubes (>25kg),3 x Blue tubes (>25kg),3 x Blue tubes (>25kg),4 x Blue tubes (>25kg),N,Y,N,Does not prevent Paralysis Tick,Y,Y,Y,-,Y,N,,
Advocate (Bayer),Bayer Australia Ltd.,">7wk, monthly ",Every 1 Month,Every 1 Month,Every 1 Month,1 x Green tube (<4kg),1 x Green tube (<4kg),1 x Green tube (<4kg),1 x Green tube (<4kg),1 x Turquoise tube (4-10kg),1 x Turquoise tube (4-10kg),1 x Maroon tube (10-25kg),1 x Maroon tube (10-25kg),1 x Maroon tube (10-25kg),1 x Blue tube (>25kg),1 x Blue tube (>25kg),1 x Blue tube (>25kg),1 x Blue tube (>25kg),2 x Blue tubes (>25kg),3 x Blue tubes (>25kg),3 x Blue tubes (>25kg),3 x Blue tubes (>25kg),3 x Blue tubes (>25kg),3 x Blue tubes (>25kg),3 x Blue tubes (>25kg),3 x Blue tubes (>25kg),3 x Blue tubes (>25kg),3 x Blue tubes (>25kg),4 x Blue tubes (>25kg),Y,Y,N,"Tapeworm, Hydatids",N,N,Y,-,Y,Hydatids,,
Capstar Tablets for Cats and Small Dogs, Large Dogs",Novartis Animal Health Australasia Pty. Ltd. ,1 tablet on any day when fleas are evident,1 tablet on any day when fleas are evident,1 tablet on any day when fleas are evident,1 tablet on any day when fleas are evident,1 x 11mg Capstar,1 x 11mg Capstar,1 x 11mg Capstar,1 x 11mg Capstar,1 x 11mg Capstar,1 x 11mg Capstar,1 x 57mg Capstar,1 x 57mg Capstar,1 x 57mg Capstar,1 x 57mg Capstar,1 x 57mg Capstar,1 x 57mg Capstar ,1 x 57mg Capstar,1 x 57mg Capstar,1 x 57mg Capstar,1.5 x 57mg Capstar,1.5 x 57mg Capstar,1.5 x 57mg Capstar,1.5 x 57mg Capstar,2 x 57mg Capstar,2 x 57mg Capstar,2 x 57mg Capstar,2 x 57mg Capstar,2 x 57mg Capstar,N,Y,N,Only 24hr control of fleas. ,Y,Y,Y,-,Y,Only for 24hrs,,
Exelpet Capstar Tablets for Cats and Small Dogs, Large Dogs",Exelpet Products. ,1 tablet on any day when fleas are evident,1 tablet on any day when fleas are evident,1 tablet on any day when fleas are evident,1 tablet on any day when fleas are evident,1 x 11mg Capstar,1 x 11mg Capstar,1 x 11mg Capstar,1 x 11mg Capstar,1 x 11mg Capstar,1 x 11mg Capstar,1 x 57mg Capstar,1 x 57mg Capstar,1 x 57mg Capstar,1 x 57mg Capstar,1 x 57mg Capstar,1 x 57mg Capstar ,1 x 57mg Capstar,1 x 57mg Capstar,1 x 57mg Capstar,1.5 x 57mg Capstar,1.5 x 57mg Capstar,1.5 x 57mg Capstar,1.5 x 57mg Capstar,2 x 57mg Capstar,2 x 57mg Capstar,2 x 57mg Capstar,2 x 57mg Capstar,2 x 57mg Capstar,N,Y,N,Only 24hr control of fleas. ,Y,Y,Y,-,Y,Only for 24hrs,,
Comfortis Chewable Tablet for Dogs,Elanco Animal Health. ,Do not use <14wks old,">14wks, Give every 1 Month",Every 1 Month,Every 1 Month,1/2 x Comfortis 2.3-4.5kg,1 x Comfortis 2.3-4.5kg,1 x Comfortis 2.3-4.5kg,1 x Comfortis 2.3-4.5kg,1 x Comfortis 4.6-9kg,1 x Comfortis 4.6-9kg,1 x Comfortis 9-18kg,1 x Comfortis 18-27kg,1 x Comfortis 18-27kg,1 x Comfortis 27-54kg,1 x Comfortis 27-54kg,1 x Comfortis 27-54kg,1 x Comfortis 27-54kg,1 x Comfortis 27-54kg,1 x Comfortis 27-54kg,1.5 x Comfortis 27-54kg,1.5 x Comfortis 27-54kg,1.5 x Comfortis 27-54kg,1.5 x Comfortis 27-54kg,1.5 x Comfortis 27-54kg,2 x Comfortis 27-54kg,2 x Comfortis 27-54kg,2 x Comfortis 27-54kg,2 x Comfortis 27-54kg,N,Y,N,None,Y,Y,Y,-,Y,N,-,,
Duogard Line On for (Small, Medium, Large) Dogs",Virbac Australia. ,">8wks, Apply every 5 weeks",Apply every 5 weeks,Apply every 5 weeks,Apply every 5 weeks,1/2 x Duogard 2-8kg pipette,1 x Duogard 2-8kg Pipette,1 x Duogard 2-8kg Pipette,1 x Duogard 2-8kg Pipette,1 x Duogard 2-8kg Pipette,1 x Duogard 8-15kg Pipette,1 x Duogard 8-15kg pipette,1 x Duogard 15-30kg pipette,1 x Duogard 15-30kg Pipette,1 x Duogard 15-30kg Pipette,2 x Duogard 15-30kg Pipettes,2 x Duogard 15-30kg Pipettes,2 x Duogard 15-30kg Pipettes,2 x Duogard 15-30kg Pipettes,2 x Duogard 15-30kg Pipettes,2 x Duogard 15-30kg Pipettes,3 x Duogard 15-30kg Pipettes,3 x Duogard 15-30kg Pipettes,3 x Duogard 15-30kg Pipettes,3 x Duogard 15-30kg Pipettes,3 x Duogard 15-30kg Pipettes,3 x Duogard 15-30kg Pipettes 4 x Duogard 15-30kg Pipettes,4 x Duogard 15-30kg Pipettes,4 x Duogard 15-30kg Pipettes,N,Y,Y,Does not prevent Paralysis Tick,Y,Y,Y,-,N,N,-,,
Ease-On For Dogs,Troy Laboratories Pty. Ltd. ,">8wks, Apply every 5 weeks",Apply every 5 weeks,Apply every 5 weeks,Apply every 5 weeks,1/2 x Ease-On 2-8kg pipette,1 x Ease-On 2-8kg Pipette,1 x Ease-On 2-8kg Pipette,1 x Ease-On 2-8kg Pipette,1 x Ease-On 2-8kg Pipette,1 x Ease-On 8-15kg Pipette,1 x Ease-On 8-15kg pipette,1 x Ease-On 15-30kg pipette,1 x Ease-On 15-30kg Pipette,1 x Ease-On 15-30kg Pipette,2 x Ease-On 15-30kg Pipettes,2 x Ease-On 15-30kg Pipettes,2 x Ease-On 15-30kg Pipettes,2 x Ease-On 15-30kg Pipettes,2 x Ease-On 15-30kg Pipettes,2 x Ease-On 15-30kg Pipettes,3 x Ease-On 15-30kg Pipettes,3 x Ease-On 15-30kg Pipettes,3 x Ease-On 15-30kg Pipettes,3 x Ease-On 15-30kg Pipettes,3 x Ease-On 15-30kg Pipettes,3 x Ease-On 15-30kg Pipettes ,4 x Ease-On 15-30kg Pipettes,4 x Ease-On 15-30kg Pipettes,N,Y,Y,Does not prevent Paralysis Tick,Y,Y,Y,-,N,N,-,,
Flea and Tick Liquidator SG for Dogs and Puppies,Exelpet Products. ,">8wks, Apply every 5 weeks",Apply every 5 weeks,Apply every 5 weeks,Apply every 5 weeks,1/2 x Exelpet <15kg pipette,1/2 x Exelpet <15kg Pipette,1/2 x Exelpet <15kg Pipette,1/2 x Exelpet <15kg Pipette,1/2 x Duogard 2-8kg Pipette,1 x Exelpet <15kg Pipette,1 x Exelpet <15kg pipette,1 x Exelpet >15kg pipette,1 x Exelpet >15kg Pipette,1 x Exelpet >15kg Pipette,2 x Exelpet >15kg Pipettes,3 x Exelpet >15kg Pipettes,3 x Exelpet >15kg Pipettes,4 x Exelpet >15kg Pipettes,4 x Exelpet >15kg Pipettes,4 x Exelpet > 15-30kg Pipettes,5 x Exelpet >15kg Pipettes,5 x Exelpet >15kg Pipettes,5 x Exelpet >15kg Pipettes,6 x Exelpet >15kg Pipettes,6 x Exelpet >15kg Pipettes,6 x Exelpet >15kg Pipettes ,7 x Exelpet >15kg Pipettes,7 x Exelpet >15kg Pipettes,N,Y,Y,Does not prevent Paralysis Tick,Y,Y,Y,-,N,N,-,,
Fleaban 4 Month Flea Collar for Dogs and Puppies,Exelpet Products. ,Do not use <3 months,Controls fleas for 4 months,Controls fleas for 4 months,Controls fleas for 4 months,Cut the collar to fit the appropriate length around your pet's neck,-,-,-,-,-,-,-,-,-,-,-,-,-,-,-,-,-,-,-,-,-,-,-,N,Y,Y,"Ticks, Paralysis Tick",Y,Y,Y,-,N,N,-,,
Fleaban Dual Action 5 Month Flea & Tick Bands,Exelpet Products. ,Do not use <3 months,Apply every 5 Months,Apply every 5 Months,Apply every 5 Months,Cut the collar to fit the appropriate length around your pet's neck,-,-,-,-,-,-,-,-,-,-,-,-,-,-,-,-,-,-,-,-,-,-,-,N,Y,Y,Does not prevent Paralysis Tick,Y,Y,Y,-,N,N,-,,
Fleaban Water Resistant 5 Month Flea Collar for Dogs and Cats,Exelpet Products. ,Do not use <3 months,Apply every 5 Months,Apply every 5 Months,Apply every 5 Months,Cut the collar to fit the appropriate length around your pet's neck,-,-,-,-,-,-,-,-,-,-,-,-,-,-,-,-,-,-,-,-,-,-,-,N,Y,Y,Does not prevent Paralysis Tick,Y,Y,Y,-,N,N,-,,
Frontline Original for (Small, Medium, Large, Extra Large) Dogs",Merial Australia Pty. Ltd. ,">8wks, Apply every 1 Month ",Apply every 1 Month,Apply every 1 Month,Apply every 1 Month,1/2 x Frontline Small Dogs,1/2 x Frontline Small Dogs,1/2 x Frontline Small Dogs,1/2 x Frontline Small Dogs,1/2 x Frontline Small Dogs,1 x Frontline Small Dogs,1 x Frontline Med Dog,1 x Frontline Med Dogs,1 x Frontline Large Dog,1 x Frontline Large Dog,1 x Frontline Large Dog,1 x Frontline Large Dog,1 x Frontline Very Large Dog,1 x Frontline Very Large Dog,1 x Frontline Very Large Dog,1 x Frontline Very Large Dog,1.5 x Frontline Very Large Dog,1.5 x Frontline Very Large Dog,1.5 x Frontline Very Large Dog,1.5 x Frontline Very Large Dog,1.5 x Frontline Very Large Dog,1.5 x Frontline Very Large Dog,2 x Frontline Very Large Dog,2 x Frontline Very Large Dog,N,Y,Y,Apply every 2 weeks for Paralysis Tick,Y,Y,Y,-,N,N,-,,
Frontline Plus for (Small, Medium, Large, Extra Large) Dogs",Merial Australia Pty. Ltd. ,">8wks, Apply every 1 Month ",Apply every 1 Month,Apply every 1 Month,Apply every 1 Month,1/2 x Frontline Small Dogs,1/2 x Frontline Small Dogs,1/2 x Frontline Small Dogs,1/2 x Frontline Small Dogs,1/2 x Frontline Small Dogs,1 x Frontline Small Dogs,1 x Frontline Med Dog,1 x Frontline Med Dogs,1 x Frontline Large Dog,1 x Frontline Large Dog,1 x Frontline Large Dog,1 x Frontline Large Dog,1 x Frontline Very Large Dog,1 x Frontline Very Large Dog,1 x Frontline Very Large Dog,1 x Frontline Very Large Dog,1.5 x Frontline Very Large Dog,1.5 x Frontline Very Large Dog,1.5 x Frontline Very Large Dog,1.5 x Frontline Very Large Dog,1.5 x Frontline Very Large Dog,1.5 x Frontline Very Large Dog,2 x Frontline Very Large Dog,2 x Frontline Very Large Dog,N,Y,Y,Apply every 2 weeks for Paralysis Tick,Y,Y,Y,-,N,N,-,,
Frontline Spray for Dogs and Cats,Merial Australia Pty. Ltd. ,"Do not apply <2days old; Apply every 12 weeks for control of fleas, every four weekds to control ticks and every 3 weeks to control Paralysis Tick","Apply every 12 weeks for control of fleas, every four weekds to control ticks and every 3 weeks to control Paralysis Tick","Apply every 12 weeks for control of fleas, every four weekds to control ticks and every 3 weeks to control Paralysis Tick","Apply every 12 weeks for control of fleas, every four weekds to control ticks and every 3 weeks to control Paralysis Tick",Spray the entire body of the animal and ensure the entire coat is thoroughly wet.,-,-,-,-,-,-,-,-,-,-,-,-,-,-,-,-,-,-,-,-,-,-,-,N,Y,Y,None,Y,Y,Y,-,N,N,-,,
Exelpet Palatable Flea Control Tablets for Small Dogs and Puppies, Cats and Kittens",Exelpet Products. ,Give weekly,Give weekly,Give weekly,Give weekly,1/4 x Exelpet 10kg tablet,1/4 x Exelpet10kg  tablet,1/2 x Exelpet 10kg tablet,1/2 x Exelpet 10kg tablet,1/2 x Exelpet10kg  tablet,1 x Exelpet 10kg  tablet,1.5 x Exelpet 10kg tablet,2 x Exelpet 10kg tablet,2.5 x Exelpet 10kg tablet,3 x Exelpet 10kg tablet,3.5 x Exelpet 10kg tablet,4 x Exelpet 10kg,4.5 x Exelpet 10kg,5 x Exelpet 10kg ,5.5 x Exelpet 10kg,6 x Exelpet 10kg,6.5 x Exelpet 10kg,7 x Exelpet 10kg,7.5 x Exelpet 10kg,8 x Exelpet 10kg,8.5 x Exelpet 10kg,9 x Exelpet 10kg,9.5 x Exelpet 10kg,10 x Exelpet 10kg,N,Y,N,Does not kill fleas,Y,Y,Y,-,Y,Does not kill fleas,,
Panoramis Chewable Tablets for Dogs,Elanco Animal Health. ,">8wks, worm every 1 Month",Every 1 Month,Every 1 Month,Every 1 Month,1/2 x Panoramis 2.3-4.5kg,1/2 x Panoramis 2.3-4.5kg,1 x Panoramis 2.3-4.5kg,1 x Panoramis 2.3-4.5kg,1 x Panoramis 4.6-9kg,1 x Panoramis 4.6-9kg,1 x Panoramis 9-18kg,1/2 x Panoramis 18-27kg,1 x Panoramis 18-27kg,1/2 x Panoramis 27-54kg,1 x Panoramis 27-54kg,1 x Panoramis 27-54kg,1 x Panoramis 27-54kg,1 x Panoramis 27-54kg,1 x Panoramis 27-54kg,1.5 x Panoramis 27-54kg,1.5 x Panoramis 27-54kg,1.5 x Panoramis 27-54kg,1.5 x Panoramis 27-54kg,1.5 x Panoramis 27-54kg,2 x Panoramis 27-54kg,2 x Panoramis 27-54kg,2 x Panoramis 27-54kg,2 x Panoramis 27-54kg,Y,Y,N,"Tapeworm, Paralysis Tick",Y,N,Y,-,Y,N,-,,
Proban Systemic Insecticide,Boehringer Ingelheim Pty. Ltd. ,Flea control: give twice weekly; Ticks: give every 2 days,Flea control: give twice weekly; Ticks: give every 2 days,Flea control: give twice weekly; Ticks: give every 2 days,Flea control: give twice weekly; Ticks: give every 2 days,1/4 x Proban 10kg tablet,1/4 x Proban 10kg tablet,1/2 x Proban 10kg tablet,1/2 x Proban 10kg tablet,1/2 x Proban  tablet,1 x Proban 10kg  tablet,1.5 x Proban 10kg tablet,2 x Proban 10kg tablet,2.5 x Proban 10kg tablet,3 x Proban 10kg tablet,3.5 x Proban 10kg tablet,4 x Proban 10kg,4.5 x Proban 10kg,5 x Proban 10kg ,5.5 x Proban 10kg,6 x Proban 10kg,6.5 x Proban 10kg,7 x Proban 10kg,7.5 x Proban 10kg,8 x Proban 10kg,8.5 x Proban 10kg,9 x Proban 10kg,9.5 x Proban 10kg,10 x Proban 10kg,N,Y,Y,None,Y,Y,Y,-,N,N,-,,
Program Tablets for Dogs,Novartis Animal Health Australasia Pty. Ltd. ,">6wks, Give every 1 Month",Every 1 Month,Every 1 Month,Every 1 Month,1/2 x Program Small Dog,1/2 x Program Small Dog,1/2 x Program Small Dog,1 x Program Small Dog,1 x Program Small Dog,1/2 x Program Med Dog,1 x Program Med Dog,1 x Program Med Dog,1 Program Large Dog,1 x Program Large Dog,1 x Program Large Dog,1 x Program Large Dog,1.5 x Program Large Dog,1.5 x Program Large Dog,1.5 x Program Large Dog,1.5 x Program Large Dog,2 x Program Large Dog,2 x Program Large Dog,2 x Program Large Dog,2 x Program Large Dog,2.5 x Program Large Dog,2.5 x Program Large Dog,2.5 x Program Large Dog,2.5 x Program Large Dog,N,Y,N,"Ticks, Paralysis Tick",Y,Y,Y,-,Y,N,-,,
Revolution for Puppies and Kittens, Dogs",Pfizer Animal Health. ,">6wks, worm every 1 Month",Every 1 Month,Every 1 Month,Every 1 Month,1 x Revolution <2.5kg,1 x Revolution <2.5kg,1 x Revolution 2.5-5kg,1 x Revolution 2.5-5kg,1 x Revolution 2.5-5kg ,1 x Revolution 5-10kg,1 x Revolution 10-20kg,1 x Revolution 10-20kg,1 x Revolution 20-40kg,1 x Revolution 20-40kg,1 x Revolution 20-40kg,1 x Revolution 20-40kg,1.5 x Revolution 20-40kg,1.5 x Revolution 20-40kg,1.5 x Revolution 20-40kg,1.5 x Revolution 20-40kg,2 x Revolution 20-40kg,2 x Revolution 20-40kg,2 x Revolution 20-40kg,2 x Revolution 20-40kg,2.5 x Revolution 20-40kg,2.5 x Revolution 20-40kg,2.5 x Revolution 20-40kg,2.5 x Revolution 20-40kg,Y,Y,N,"Roundworms, Hookworm, Whipworms, Tapeworm. ",Y,N,Y,-,Y,N,-,,
Sentinel Spectrum Tasty Chews for Dogs,Novartis Animal Health Australasia Pty. Ltd. ,">6wks, worm every 1 Month",Every 1 Month,Every 1 Month,Every 1 Month,1/2 x Sentinel <4kg,1/2 x Sentinel <4kg,1 x Sentinel <4kg,1 x Sentinel <4kg,1/2 x Sentinel 4-11kg,1 x Sentinel 4-11kg,1/2 x Sentinel 11-22kg,1 x Sentinel 11-22kg,1/2 x Sentinel 22-45kg,1 x Sentinel 22-45kg,1 x Sentinel 22-45kg,1 x Sentinel 22-45kg,1 x Sentinel 22-45kg,1.5 x Sentinel 22-45kg,1.5 x Sentinel 22-45kg,1.5 x Sentinel 22-45kg,1.5 x Sentinel 22-45kg,2 x Sentinel 22-45kg,2 x Sentinel 22-45kg,2 x Sentinel 22-45kg,2 x Sentinel 22-45kg,2 x Sentinel 22-45kg,2.5 x Sentinel 22-45kg,2.5 x Sentinel 22-45kg,Y,Y,N,None,Y,N,Y,-,Y,N,-,,
,,,,,,,,,,,,,,,,,,,,,,,,,,,,,,,,,,,,,,,,,,
Step 5: Tick Prevention:,,,,,,,,,,,,,,,,,,,,,,,,,,,,,,,,,,,,,,,,,,
,,Reminder Frequency:,,,,Dose to be Administered:,,,,,,,,,,,,,,,,,,,,,,,,Exclusions:,,,Warnings:,Next Step - Go To:,,,,,,,Recommendations:,Other Precautions:
Product,,<3mnths,3-6mnth,6-12mth,>12mnth,1kg,2kg,3kg,4kg,5kg,5-10kg,10-15kg,15-20kg,20-25kg,25-30kg,30-35kg,35-40kg,40-45kg,45-50kg,50-55kg,55-60kg,60-65kg,65-70kg,70-75kg,75-80kg,80-85kg,85-90kg,90-95kg,95-100kg,HWP?,Fleas?,Ticks?,Exclusions?,,,,,,,,,
Advantix for Dogs,Bayer Australia Ltd. ,"Do not use <7wks, Apply every 1 Month",Apply every 1 Month,Apply every 1 Month,Apply every 1 Month,1 x Green tube (<4kg),1 x Green tube (<4kg),1 x Green tube (<4kg),1 x Green tube (<4kg),1 x Turquoise tube (4-10kg),1 x Turquoise tube (4-10kg),1 x Maroon tube (10-25kg),1 x Maroon tube (10-25kg),1 x Maroon tube (10-25kg),1 x Blue tube (>25kg),1 x Blue tube (>25kg),1 x Blue tube (>25kg),1 x Blue tube (>25kg),2 x Blue tubes (>25kg),3 x Blue tubes (>25kg),3 x Blue tubes (>25kg),3 x Blue tubes (>25kg),3 x Blue tubes (>25kg),3 x Blue tubes (>25kg),3 x Blue tubes (>25kg),3 x Blue tubes (>25kg),3 x Blue tubes (>25kg),3 x Blue tubes (>25kg),4 x Blue tubes (>25kg),N,Y,Y,Apply every 2 weeks for Paralysis Tick,Y,Y,Y,N,-,Apply every 2 weeks for Paralysis Tick,,
Bay-O-Pet Kiltix Collar for Dogs,Bayer Australia Ltd. ,Do not use <3 months,"Controls ticks and fleas for 5 months, controls paralysis ticks for 6 weeks","Controls ticks and fleas for 5 months, controls paralysis ticks for 6 weeks","Controls ticks and fleas for 5 months, controls paralysis ticks for 6 weeks",Cut the collar to fit the appropriate length around your pet's neck,-,-,-,-,-,-,-,-,-,-,-,-,-,-,-,-,-,-,-,-,-,-,-,N,Y,Y,None,Y,Y,Y,Y,-,N,-,,
Duogard Line On for (Small, Medium, Large) Dogs",Virbac Australia. ,">8wks, Apply every 5 weeks",Apply every 5 weeks,Apply every 5 weeks,Apply every 5 weeks,1/2 x Duogard 2-8kg pipette,1 x Duogard 2-8kg Pipette,1 x Duogard 2-8kg Pipette,1 x Duogard 2-8kg Pipette,1 x Duogard 2-8kg Pipette,1 x Duogard 8-15kg Pipette,1 x Duogard 8-15kg pipette,1 x Duogard 15-30kg pipette,1 x Duogard 15-30kg Pipette,1 x Duogard 15-30kg Pipette,2 x Duogard 15-30kg Pipettes,2 x Duogard 15-30kg Pipettes,2 x Duogard 15-30kg Pipettes,2 x Duogard 15-30kg Pipettes,2 x Duogard 15-30kg Pipettes,2 x Duogard 15-30kg Pipettes,3 x Duogard 15-30kg Pipettes,3 x Duogard 15-30kg Pipettes,3 x Duogard 15-30kg Pipettes,3 x Duogard 15-30kg Pipettes,3 x Duogard 15-30kg Pipettes,3 x Duogard 15-30kg Pipettes 4 x Duogard 15-30kg Pipettes,4 x Duogard 15-30kg Pipettes,4 x Duogard 15-30kg Pipettes,N,Y,Y,Does not prevent Paralysis Tick,Y,Y,Y,N,-,Not paralysis tick,,
Ease-On For Dogs,Troy Laboratories Pty. Ltd. ,">8wks, Apply every 5 weeks",Apply every 5 weeks,Apply every 5 weeks,Apply every 5 weeks,1/2 x Ease-On 2-8kg pipette,1 x Ease-On 2-8kg Pipette,1 x Ease-On 2-8kg Pipette,1 x Ease-On 2-8kg Pipette,1 x Ease-On 2-8kg Pipette,1 x Ease-On 8-15kg Pipette,1 x Ease-On 8-15kg pipette,1 x Ease-On 15-30kg pipette,1 x Ease-On 15-30kg Pipette,1 x Ease-On 15-30kg Pipette,2 x Ease-On 15-30kg Pipettes,2 x Ease-On 15-30kg Pipettes,2 x Ease-On 15-30kg Pipettes,2 x Ease-On 15-30kg Pipettes,2 x Ease-On 15-30kg Pipettes,2 x Ease-On 15-30kg Pipettes,3 x Ease-On 15-30kg Pipettes,3 x Ease-On 15-30kg Pipettes,3 x Ease-On 15-30kg Pipettes,3 x Ease-On 15-30kg Pipettes,3 x Ease-On 15-30kg Pipettes,3 x Ease-On 15-30kg Pipettes ,4 x Ease-On 15-30kg Pipettes,4 x Ease-On 15-30kg Pipettes,N,Y,Y,Does not prevent Paralysis Tick,Y,Y,Y,N,-,Not paralysis tick,,
Flea and Tick Liquidator SG for Dogs and Puppies,Exelpet Products. ,">8wks, Apply every 5 weeks",Apply every 5 weeks,Apply every 5 weeks,Apply every 5 weeks,1/2 x Exelpet <15kg pipette,1/2 x Exelpet <15kg Pipette,1/2 x Exelpet <15kg Pipette,1/2 x Exelpet <15kg Pipette,1/2 x Duogard 2-8kg Pipette,1 x Exelpet <15kg Pipette,1 x Exelpet <15kg pipette,1 x Exelpet >15kg pipette,1 x Exelpet >15kg Pipette,1 x Exelpet >15kg Pipette,2 x Exelpet >15kg Pipettes,3 x Exelpet >15kg Pipettes,3 x Exelpet >15kg Pipettes,4 x Exelpet >15kg Pipettes,4 x Exelpet >15kg Pipettes,4 x Exelpet > 15-30kg Pipettes,5 x Exelpet >15kg Pipettes,5 x Exelpet >15kg Pipettes,5 x Exelpet >15kg Pipettes,6 x Exelpet >15kg Pipettes,6 x Exelpet >15kg Pipettes,6 x Exelpet >15kg Pipettes ,7 x Exelpet >15kg Pipettes,7 x Exelpet >15kg Pipettes,N,Y,Y,Does not prevent Paralysis Tick,Y,Y,Y,N,-,Not paralysis tick,,
Fleaban Dual Action 5 Month Flea & Tick Bands,Exelpet Products. ,Do not use <3 months,Apply every 5 Months,Apply every 5 Months,Apply every 5 Months,Cut the collar to fit the appropriate length around your pet's neck,-,-,-,-,-,-,-,-,-,-,-,-,-,-,-,-,-,-,-,-,-,-,-,N,Y,Y,Does not prevent Paralysis Tick,Y,Y,Y,N,-,Not paralysis tick,,
Fleaban Water Resistant 5 Month Flea Collar for Dogs and Cats,Exelpet Products. ,Do not use <3 months,Apply every 5 Months,Apply every 5 Months,Apply every 5 Months,Cut the collar to fit the appropriate length around your pet's neck,-,-,-,-,-,-,-,-,-,-,-,-,-,-,-,-,-,-,-,-,-,-,-,N,Y,Y,Does not prevent Paralysis Tick,Y,Y,Y,N,-,Not paralysis tick,,
Frontline Original for (Small, Medium, Large, Extra Large) Dogs",Merial Australia Pty. Ltd. ,">8wks, Apply every 1 Month ",Apply every 1 Month,Apply every 1 Month,Apply every 1 Month,1/2 x Frontline Small Dogs,1/2 x Frontline Small Dogs,1/2 x Frontline Small Dogs,1/2 x Frontline Small Dogs,1/2 x Frontline Small Dogs,1 x Frontline Small Dogs,1 x Frontline Med Dog,1 x Frontline Med Dogs,1 x Frontline Large Dog,1 x Frontline Large Dog,1 x Frontline Large Dog,1 x Frontline Large Dog,1 x Frontline Very Large Dog,1 x Frontline Very Large Dog,1 x Frontline Very Large Dog,1 x Frontline Very Large Dog,1.5 x Frontline Very Large Dog,1.5 x Frontline Very Large Dog,1.5 x Frontline Very Large Dog,1.5 x Frontline Very Large Dog,1.5 x Frontline Very Large Dog,1.5 x Frontline Very Large Dog,2 x Frontline Very Large Dog,2 x Frontline Very Large Dog,N,Y,Y,Apply every 2 weeks for Paralysis Tick,Y,Y,Y,N,-,Apply every 2 weeks for Paralysis Tick,,
Frontline Plus for (Small, Medium, Large, Extra Large) Dogs",Merial Australia Pty. Ltd. ,">8wks, Apply every 1 Month ",Apply every 1 Month,Apply every 1 Month,Apply every 1 Month,1/2 x Frontline Small Dogs,1/2 x Frontline Small Dogs,1/2 x Frontline Small Dogs,1/2 x Frontline Small Dogs,1/2 x Frontline Small Dogs,1 x Frontline Small Dogs,1 x Frontline Med Dog,1 x Frontline Med Dogs,1 x Frontline Large Dog,1 x Frontline Large Dog,1 x Frontline Large Dog,1 x Frontline Large Dog,1 x Frontline Very Large Dog,1 x Frontline Very Large Dog,1 x Frontline Very Large Dog,1 x Frontline Very Large Dog,1.5 x Frontline Very Large Dog,1.5 x Frontline Very Large Dog,1.5 x Frontline Very Large Dog,1.5 x Frontline Very Large Dog,1.5 x Frontline Very Large Dog,1.5 x Frontline Very Large Dog,2 x Frontline Very Large Dog,2 x Frontline Very Large Dog,N,Y,Y,Apply every 2 weeks for Paralysis Tick,Y,Y,Y,N,-,Apply every 2 weeks for Paralysis Tick,,
Frontline Spray for Dogs and Cats,Merial Australia Pty. Ltd. ,"Do not apply <2days old; Apply every 12 weeks for control of fleas, every four weekds to control ticks and every 3 weeks to control Paralysis Tick","Apply every 12 weeks for control of fleas, every four weekds to control ticks and every 3 weeks to control Paralysis Tick","Apply every 12 weeks for control of fleas, every four weekds to control ticks and every 3 weeks to control Paralysis Tick","Apply every 12 weeks for control of fleas, every four weekds to control ticks and every 3 weeks to control Paralysis Tick",Spray the entire body of the animal and ensure the entire coat is thoroughly wet.,-,-,-,-,-,-,-,-,-,-,-,-,-,-,-,-,-,-,-,-,-,-,-,N,Y,Y,None,Y,Y,Y,N,-,N,-,,
Preventic 2 Month Tick Collar for Dogs,Virbac Australia Ltd.  ,Do not use <16wks months,">16wks, Apply every 2 months",Every 2 Months,Every 2 Months,Cut the collar to fit the appropriate length around your pet's neck,-,-,-,-,-,-,-,-,-,-,-,-,-,-,-,-,-,-,-,-,-,-,-,N,Y,Y,None,,
,,,,,,,,,,,,,,,,,,,,,,,,,,,,,,,,,,,,,,,,,,
Step 6: Vaccination:,,,,,,,,,,,,,,,,,,,,,,,,,,,,,,,,,,,,,,,,,,
,,Reminder Frequency:,,,,,,,,,,,,,,,,,,,,,,,,,,,,Exclusions:,,,Warnings:,Next Step - Go To:,,,,,,,Recommendations:,Other Precautions:
Product,,Puppy (6-16wks),6-12mnth,>12mnth,,,,,,,,,,,,,,,,,,,,,,,,,,HWP?,Fleas?,Ticks?,Exclusions?,,,,,,,,,
Annual C3 Vaccination,,"2 x vaccinations, 4 weeks apart, from 6 weeks of age, then 12mnthly boosters","1 x vaccination, then 12mnthly boosters","1 x vaccination, then 12mnthly boosters",,,,,,,,,,,,,,,,,,,,,,,,,,Y,Y,Y,Pets at high risk or living in high risk environments may require more frequent vaccinations. ,Y,Y,Y,Y,Y,,,
Annual C4 Vaccination,,"2 x vaccinations, 4 weeks apart, from 6 weeks of age, then 12mnthly boosters","1 x vaccination, then 12mnthly boosters","1 x vaccination, then 12mnthly boosters",,,,,,,,,,,,,,,,,,,,,,,,,,Y,Y,Y,Pets at high risk or living in high risk environments may require more frequent vaccinations. ,Y,Y,Y,Y,Y,,,
Kennel Cough Vaccination,,"1 x vaccination, at 12-16 weeks of age, then 12mnthly boosters","1 x vaccination, then 12mnthly boosters","1 x vaccination, then 12mnthly boosters",,,,,,,,,,,,,,,,,,,,,,,,,,Y,Y,Y,Pets at high risk or living in high risk environments may require more frequent vaccinations. ,Y,Y,Y,Y,Y,,,
,,,,,,,,,,,,,,,,,,,,,,,,,,,,,,,,,,,,,,,,,,
Step 7: Microchipping & Desexing,,,,,,,,,,,,,,,,,,,,,,,,,,,,,,,,,,,,,,,,,,
,,Reminder Frequency:,,,,,,,,,,,,,,,,,,,,,,,,,,,,Exclusions:,,,Warnings:,Next Step - Go To:,,,,,,,Recommendations:,Other Precautions:
Product,,Puppy (6-16wks),6-12mnth,>12mnth,,,,,,,,,,,,,,,,,,,,,,,,,,HWP?,Fleas?,Ticks?,Exclusions?,,,,,,,,,
Microchipping,,Must be microchipped by 12 wks by law,Must be microchipped by 12 wks by law,Must be microchipped by 12wks by law. ,,,,,,,,,,,,,,,,,,,,,,,,,,,,,,,,,,,,,,
Desexing,,Desexing is recommended at 6 months of age,Desexing is recommended at 6 months of age,Desexing is recommended at 6 months of age. ,,,,,,,,,,,,,,,,,,,,,,,,,,,,,,,,,,,,,,
,,,,,,,,,,,,,,,,,,,,,,,,,,,,,,,,,,,,,,,,,,
Step 8: Any other Health Care Reminders:,,,,,,,,,,,,,,,,,,,,,,,,,,,,,,,,,,,,,,,,,,
,,Reminder Frequency:,,,,Dose to be Administered:,,,,,,,,,,,,,,,,,,,,,,,,Exclusions:,,,Warnings:,Next Step - Go To:,,,,,,,Recommendations:,Other Precautions:
Product,,<3mnths,3-6mnth,6-12mth,>12mnth,1kg,2kg,3kg,4kg,5kg,5-10kg,10-15kg,15-20kg,20-25kg,25-30kg,30-35kg,35-40kg,40-45kg,45-50kg,50-55kg,55-60kg,60-65kg,65-70kg,70-75kg,75-80kg,80-85kg,85-90kg,90-95kg,95-100kg,HWP?,Fleas?,Ticks?,Exclusions?,,,,,,,,,
Owner to enter details,Owner to enter details,Owner to enter details,Owner to enter details,Owner to enter details,Owner to enter details,Owner to enter details for weight and dosage required for their pet. ,,,,,,,,,,,,,,,,,,,,,,,,,,,,,,,,,,,,
,,,,,,,,,,,,,,,,,,,,,,,,,,,,,,,,,,,,,,,,,,
,,,,,,,,,,,,,,,,,,,,,,,,,,,,,,,,,,,,,,,,,,
PET PLANNER FOR CATS:,,,,,,,,,,,,,,,,,,,,,,,,,,,,,,,,,,,,,,,,,,
,,,,,,,,,,,,,,,,,,,,,,,,,,,,,,,,,,,,,,,,,,
Step 1: Gastrointestinal Worm Prevention:,,,,,,,,,,,,,,,,,,,,,,,,,,,,,,,,,,,,,,,,,,
,,Reminder Frequency:,,,,Dose to be Administered:,,,,,,,,,,,,,,,,,,,,,,,,Exclusions:,,,Warnings:,Next Step - Go To:,,,,,,,Recommendations:,Other Precautions:
Product,,<3mnths,3-6mnth,6-12mth,>12mnth,1kg,2kg,3kg,4kg,5kg,6kg,7kg,8kg,9kg,10kg,11kg,12kg,,,,,,,,,,,,,HWP?,Fleas?,Ticks?,Exclusions?,,,,,,,,,
Advocate (Bayer),Bayer Australia Ltd. ,">7wk, monthly ",Every 1 Month,Every 1 Month,Every 1 Month,1/2 x Orange tube,1/2 x Orange tube,1 x Orange tube,1 x Orange tube,1 x Purple tube,1 x Purple tube,1 x Purple tube,1 x Purple tube,1 x Purple tube,1 x Purple tube,1.5 x Purple Tube,1.5 x Purple Tube,,,,,,,,,,,,,Y,Y,N,"Tapeworm, Hydatids",-,N,Y,N,Y,Hydatids ,,
Exelpet All Wormer Paste for Cats and Kittens,Exelpet Products.,"<12wks, worm every 2wks, from 2wks",Every 1 Month,Every 3 Months,Every 3 Months,1/2 x Graduation,1/2 x Graduation,1 x Graduation,1 x Graduation,1 x Graduation,1.5 x Graduations,1.5 x Graduations,2.5 x Graduations,2.5 x Graduations,2.5 x Gradutions,3 x Graduations,3 x Graduations,,,,,,,,,,,,,N,N,N,"Hydatids, Spirometra erinacei",-,Y,Y,Y,Y,Hydatids ,,
Troy All Wormer Tablets for Cats and Kittens,Troy Laboratories Pty. Ltd. ,"<12wks, worm every 2wks, from 2wks",Every 1 Month,Every 3 Months,Every 3 Months,1/2 x 2.5kg tablet,1 x 2.5kg tablet,2 x 2.5kg tablet,2 x 2.5kg tablet,2 x 2.5kg tablet,3 x 2.5kg tablet,3 x 2.5kg tablet,4 x 2.5kg tablet,4 x 2.5kg tablet,4 x 2.5kg tablet,5 x 2.5 Tablet,5 x 2.5 Tablet,,,,,,,,,,,,,N,N,N,"Hydatids, Spirometra erinacei",-,Y,Y,Y,Y,Hydatids ,,
Ambex ,Bayer Australia Ltd. ,"<12wks, worm every 2 wks from 2wks",Every 1 Month,Every 3 Months,Every 3 Months,1/2 x Ambex Two,1 x Ambex Two,1 x Ambex Five,1 x Ambex Five,1 x Ambex Five,1.5 x Ambex Five,1.5 x Ambex Five,1 x Ambex 10,1 x Ambex 10,1 x Ambex 10,1.5 x Ambex 10,1.5 x Ambex 10,,,,,,,,,,,,,N,N,N,"Hydatids, Whipworm",-,Y,Y,Y,Y,Hydatids ,,
Bay-O-Pet Drontal Allwormer for Cats,Bayer Australia Ltd. ,"<12wks, worm every 2 wks from 2wks",Every 1 Month,Every 3 Months,Every 3 Months,1/2 x 4kg tablet,1/2 x 4kg tablet,1 x 4kg tablet,1 x 4kg tablet,Use Drontal Large Cat Allwormer,-,-,-,-,-,-,-,,,,,,,,,,,,,N,N,N,"Hydatids, Spirometra erinacei",-,Y,Y,Y,Y,Hydatids ,,
Drontal Allwormer for Cats,Bayer Australia Ltd. ,"<12wks, worm every 2 wks from 2wks",Every 1 Month,Every 3 Months,Every 3 Months,1/2 x 4kg tablet,1/2 x 4kg tablet,1 x 4kg tablet,1 x 4kg tablet,Use Drontal Large Cat Allwormer,-,-,-,-,-,-,-,,,,,,,,,,,,,N,N,N,"Hydatids, Spirometra erinacei",-,Y,Y,Y,Y,Hydatids ,,
Drontal Large Cat Allwormer,Bayer Australia Ltd. ,"<12wks, worm every 2 wks from 2wks",Every 1 Month,Every 3 Months,Every 3 Months,Use Drontal Allwormer for Cats,-,-,-,1 x 4-6kg tablet,1 x 4-6kg tablet,1.5 x 4-6kg tablet,2 x 4-6kg tablet,2 x 4-6kg tablet,2 x 4-6kg tablet,2 x 4-6kg tablet,2 x 4-6kg tablet,,,,,,,,,,,,,N,N,N,"Hydatids, Spirometra erinacei",-,Y,Y,Y,Y,Hydatids ,,
Ezy-Dose Intestinal All-wormer for Cats,Exelpet Products.,"<12wks, worm every 2 wks from 2wks",Every 1 Month,Every 3 Months,Every 3 Months,1/4 x 5kg Chew,1/4 x 5kg Chew,1 x 5kg Chew,1 x 5kg Chew,1 x 5kg Chew,1.5 x 5kg Chew,1.5 x 5kg Chew,2 x 5kg Chew,2 x 5kg Chew,2 x 5kg Chew,2.5 x 5kg Chew,2.5 x 5kg Chew,,,,,,,,,,,,,N,N,N,"Hydatids, Spirometra erinacei",-,Y,Y,Y,Y,Hydatids ,,
Felex Plus All Wormer Paste for Cats,Pfizer Animal Health. ,"<12wks, worm every 2 wks from 2wks",Every 1 Month,Every 3 Months,Every 3 Months,1/2 x 4kg Syringe,1/2 x 4kg Syringe,1 x 4kg Syringe,1 x 4kg Syringe,1.5 x 4kg Syringe,1.5 x 4kg Syringe,2 x 4kg Syringe,2 x 4kg Syringe,2.5 x 4kg Syringe,2.5 x 4kg Syringe,3 x 4kg Syringe,3 x 4kg Syringe,,,,,,,,,,,,,N,N,N,"Hydatids, Spirometra erinacei",-,Y,Y,Y,Y,Hydatids ,,
Fido's Closasole Broadspectrum Wormer for Cats,Mavlab. ,"<12wks, worm every 2 wks from 2wks",Every 1 Month,Every 3 Months,Every 3 Months,1/4 x 10kg Tablet,1/4 x 10kg Tablet,1/2 x 10kg Tablet,1/2 x 10kg Tablet,1/2 x 10kg Tablet,1 x 10kg Tablet,1 x 10kg Tablet,1 x 10kg Tablet,1 x 10kg Tablet,1 x 10kg Tablet,1.5 x 10kg Tablet,1.5 x 10kg Tablet,,,,,,,,,,,,,N,N,N,"Hydatids, Spirometra erinacei",-,Y,Y,Y,Y,Hydatids ,,
Exelpet Intestinal All Wormer for Cats,Exelpet Products.,"<12wks, worm every 2 wks from 2wks",Every 1 Month,Every 3 Months,Every 3 Months,1/2 x 5kg Tablet,1/2 x 5kg Tablet,1 x 5kg Tablet,1 x 5kg Tablet,1 x 5kg Tablet,1.5  5kg Tablet,1.5 x 5kg Tablet,2 x 5kg Tablet,2 x 5kg Tablet,2 x 5kg Tablet,2.5 x 5kg Tablet,2.5 x 5kg Tablet,,,,,,,,,,,,,N,N,N,"Hydatids, Spirometra erinacei",-,Y,Y,Y,Y,Hydatids ,,
Milbemax Tablets for Cats & Small Cats,Novartis Animal Health Australasia Pty. Ltd. ,">6wks, <12wks, worm every 2wks",Every 1 Month,Every 3 Months,Every 3 Months,1/2 x Milbemax Pink,1 x Milbemax Pink,1/2 x Milbemax Red,1/2 x Milbemax Red,1 x Milbemax Red,1 x Milbemax Red,1 x Milbemax Red,1 x Milbemax Red,1.5 x Milbemax Red,1.5 x Milbemax Red,1.5 x Milbemax Red,1.5 x Milbemax Red,,,,,,,,,,,,,N,N,N,"Hydatids, Spirometra erinacei",-,Y,Y,Y,Y,Hydatids ,,
Paraban C Intestinal Worming Tablets for Cats,Ceva Delvet Pty. Ltd. ,"<12wks, worm every 2 wks from 2wks",Every 1 Month,Every 3 Months,Every 3 Months,1/2 x Paraban 5kg,1/2 x Paraban 5kg,1 x Paraban 5kg,1 x Paraban 5kg,1 x Paraban 5kg,1.5 x Paraban 5kg,1.5 x Paraban 5kg,2 x Paraban 5kg,2 x Paraban 5kg,2 x Paraban 5kg,2.5 x Paraban 5kg,2.5 x Paraban 5kg,,,,,,,,,,,,,N,N,N,"Hydatids, Spirometra erinacei",-,Y,Y,Y,Y,Hydatids ,,
Popantel Cat Allwormer Paste,Jurox Pty. Ltd. ,">6wks, <12wks, worm every 2wks",Every 1 Month,Every 3 Months,Every 3 Months,1/4 x Popantel syringe,1/4 x Popantel syringe,1/2 x Popantel syringe,1/2 x Popantel syringe,1 x Popantel syringe,1 x Popantel syringe,1 x Popantel syringe,1 x Popantel syringe,1.5 x Popantel syringe,1.5 x Popantel syringe,1.5 x Popantel syringe,1.5  x Popantel syringe,,,,,,,,,,,,,N,N,N,"Hydatids, Spirometra erinacei",-,Y,Y,Y,Y,Hydatids ,,
Popantel Cat Allwormer Tablets,Jurox Pty. Ltd. ,">6wks, <12wks, worm every 2wks",Every 1 Month,Every 1 Month,Every 1 Month,1/2 x Popantel tablet,1/2 x Popantel tablet,1 x Popantel tablet,1 x Popantel tablet,1 x Popantel tablet,1.5 x Popantel tablet,1.5 x Popantel tablet,2 x Popantel tablets,2 x Popantel tablets,2 x Popantel tablets,2.5 x Popantel tablets,2.5 x Popantel tablets,,,,,,,,,,,,,N,N,N,"Hydatids, Spirometra erinacei",-,Y,Y,Y,Y,Hydatids ,,
Profender Allwormer for Cats & Large Cats,Bayer Australia Ltd. ,">8wks, <12wks, worm every 2wks",Every 1 Month,Every 3 Months,Every 3 Months,1 x Green tube,1 x Green tube,1 x Blue tube,1 x Blue tube,1 x Blue tube,1 x Red tube,1 x Red tube,1 x Red tube,1 x Red tube,1 x Red tube,1.5 x Red tube,1.5 x Red tube,,,,,,,,,,,,,N,N,N,"Hydatids, Spirometra erinacei",-,Y,Y,Y,Y,Hydatids ,,
Revolution for Cats,Pfizer Animal Health. ,">6wks, <12wks, worm every 1 Month",Every 1 Month,Every 1 Month,Every 1 Month,1 x Revolution <2.5kg,1 x Revolution <2.5kg,1 x Revolution 2.6-7.5kg,1 x Revolution 2.6-7.5kg,1 x Revolution 2.6-7.5kg,1 x Revolution 2.6-7.5kg,1 x Revolution 2.6-7.5kg,1.5 x Revolution 2.6-7.5kg,1.5 x Revolution 2.6-7.5kg,1.5 x Revolution 2.6-7.5kg,2 x Revolution 2.6-7.5kg,2 x Revolution 2.6-7.5kg,,,,,,,,,,,,,Y,Y,N,"Hydatids, Spirometra erinacei",-,N,Y,N,Y,Hydatids ,,
Valucat Allwormer  Paste,Value Plus Animal Health Care Products Pty. Ltd. ,">6wks, <12wks, worm every 2wks",Every 1 Month,Every 3 Months,Every 3 Months,1 x syringe Graduation,2 x syringe Graduations,3 x syringe Graduations,4  x syringe Graduations,5 x Syringe Graduations,6 x syringe Graduations,7 x syringe Graduations,1 x Valucat syringe,1.5 x Valucat syringes,1.5 x Valucat syringes,1.5 x Valucat syringes,1.5 x Valucat syringes,,,,,,,,,,,,,N,N,N,"Hydatids, Spirometra erinacei",-,Y,Y,Y,Y,Hydatids ,,
,,,,,,,,,,,,,,,,,,,,,,,,,,,,,,,,,,,,,,,,,,
Step 2: Heartworm Prevention:,,,,,,,,,,,,,,,,,,,,,,,,,,,,,,,,,,,,,,,,,,
,,Reminder Frequency:,,,,Dose to be Administered:,,,,,,,,,,,,,,,,,,,,,,,,Exclusions:,,,Warnings:,Next Step - Go To:,,,,,,,Recommendations:,Other Precautions:
Product,,<3mnths,3-6mnth,6-12mth,>12mnth,1kg,2kg,3kg,4kg,5kg,6kg,7kg,8kg,9kg,10kg,11kg,12kg,,,,,,,,,,,,,HWP?,Fleas?,Ticks?,Exclusions?,,,,,,,,,
Advocate (Bayer),Bayer Australia Ltd. ,">7wk, monthly ",Every 1 Month,Every 1 Month,Every 1 Month,1/2 x Orange tube,1/2 x Orange tube,1 x Orange tube,1 x Orange tube,1 x Purple tube,1 x Purple tube,1 x Purple tube,1 x Purple tube,1 x Purple tube,1 x Purple tube,1.5 x Purple Tube,1.5 x Purple Tube,,,,,,,,,,,,,Y,Y,N,"Tapeworm, Hydatids",Y,-,Y,N,Y,Hydatids,,
Milbemax Tablets for Cats & Small Cats,Novatis Animal Health Australasia Pty. Ltd. ,">6wks, <12wks, worm every 2wks",Every 1 Month,Every 1 Month,Every 1 Month,1/2 x Milbemax Pink,1 x Milbemax Pink,1/2 x Milbemax Red,1/2 x Milbemax Red,1 x Milbemax Red,1 x Milbemax Red,1 x Milbemax Red,1 x Milbemax Red,1.5 x Milbemax Red,1.5 x Milbemax Red,1.5 x Milbemax Red,1.5 x Milbemax Red,,,,,,,,,,,,,Y,N,N,"Hydatids, Spirometra erinacei",Y,-,Y,Y,Y,Hydatids,,
Revolution for Cats,Pfizer Animal Health. ,">6wks, <12wks, worm every 1 Month",Every 1 Month,Every 1 Month,Every 1 Month,1 x Revolution <2.5kg,1 x Revolution <2.5kg,1 x Revolution 2.6-7.5kg,1 x Revolution 2.6-7.5kg,1 x Revolution 2.6-7.5kg,1 x Revolution 2.6-7.5kg,1 x Revolution 2.6-7.5kg,1.5 x Revolution 2.6-7.5kg,1.5 x Revolution 2.6-7.5kg,1.5 x Revolution 2.6-7.5kg,2 x Revolution 2.6-7.5kg,2 x Revolution 2.6-7.5kg,,,,,,,,,,,,,Y,Y,N,"Hydatids, Spirometra erinacei",Y,-,Y,N,Y,Hydatids,,
,,,,,,,,,,,,,,,,,,,,,,,,,,,,,,,,,,,,,,,,,,
Step 3: Tapeworm Prevention:,,,,,,,,,,,,,,,,,,,,,,,,,,,,,,,,,,,,,,,,,,
,,Reminder Frequency:,,,,Dose to be Administered:,,,,,,,,,,,,,,,,,,,,,,,,Exclusions:,,,Warnings:,Next Step - Go To:,,,,,,,Recommendations:,Other Precautions:
Product,,<3mnths,3-6mnth,6-12mth,>12mnth,1kg,2kg,3kg,4kg,5kg,6kg,7kg,8kg,9kg,10kg,11kg,12kg,,,,,,,,,,,,,HWP?,Fleas?,Ticks?,Exclusions?,,,,,,,,,
Droncit Tapewormer for Dogs and Cats,Bayer Australia Ltd. ,Not <12wks,Every 3 Months,Every 3 Months,Every 3 Months,1/4 x Droncit 10kg,1/4 x Droncit 10kg,1/2 x Droncit 10kg,1/2 x Droncit 10kg,1/2 x Droncit 10kg,1 x Droncit 10kg,1.5 x Droncit 10kg,2 x Droncit 10kg,2.5 x Droncit 10kg,3 x Droncit 10kg,3.5 x Droncit 10kg,4 x Droncit 10kg,,,,,,,,,,,,,N,N,N,All other Gastrointestinal Worms,Y,Y,-,Y,Y,N,-,,
Popantel Tapeworm Tablets for Dogs and Cats,Jurox Pty. Ltd. ,Not <12wks,Every 3 Months,Every 3 Months,Every 3 Months,1/4 x Popantel 10kg,1/4 x Popantel 10kg,1/2 x Popantel 10kg,1/2 x Popantel 10kg,1/2 x Popantel 10kg,1 x Popantel 10kg,1.5 x Popantel 10kg,2 x Popantel 10kg,2.5 x Popantel 10kg,3 x Popantel 10kg,3.5 x Popantel 10kg,4 x Popantel 10kg,,,,,,,,,,,,,N,N,N,Spirometra: 1tablet/2.5kg,Y,Y,-,Y,Y,N,-,,
Tapewormer for Dogs and Cats,Jurox Pty. Ltd. ,Not <12wks,Every 3 Months,Every 3 Months,Every 3 Months,1/4 x Tapewormer 10kg,1/4 x Tapewormer 10kg,1/2 x Tapewormer 10kg,1/2 x Tapewormer 10kg,1/2 x Tapewormer 10kg,1 x Tapewormer 10kg,1.5 x Tapewormer 10kg,2 x Tapewormer 10kg,2.5 x Tapewormer 10kg,3 x Tapewormer 10kg,3.5 x Tapewormer 10kg,4 x Tapewormer 10kg,,,,,,,,,,,,,N,N,N,Spirometra: 1tablet/5kg,Y,Y,-,Y,Y,N,-,,
,,,,,,,,,,,,,,,,,,,,,,,,,,,,,,,,,,,,,,,,,,
Step 4: Flea Prevention:,,,,,,,,,,,,,,,,,,,,,,,,,,,,,,,,,,,,,,,,,,
,,Reminder Frequency:,,,,Dose to be Administered:,,,,,,,,,,,,,,,,,,,,,,,,Exclusions:,,,Warnings:,Next Step - Go To:,,,,,,,Recommendations:,Other Precautions:
Product,,<3mnths,3-6mnth,6-12mth,>12mnth,1kg,2kg,3kg,4kg,5kg,6kg,7kg,8kg,9kg,10kg,11kg,12kg,,,,,,,,,,,,,HWP?,Fleas?,Ticks?,Exclusions?,,,,,,,,,
Advantage (Bayer),Bayer Australia Ltd.,">2wks, monthly",Every 1 Month,Every 1 Month,Every 1 Month,1 x Orange tube (<4kg),1 x Orange tube (<4kg),1 x Orange tube (<4kg),1 x Orange tube (<4kg),1 x Blue tube (>4kg),1 x Blue tube (>4kg),1 x Blue tube (>4kg),1 x Blue tube (>4kg),1 x Blue tube (>4kg),1 x Blue tube (>4kg),1 x Blue tube (>4kg),1 x Blue tube (>4kg),,,,,,,,,,,,,N,Y,N,Does not prevent Paralysis Tick,Y,Y,Y,-,Y,N,,
Advocate (Bayer),Bayer Australia Ltd. ,">7wk, monthly ",Every 1 Month,Every 1 Month,Every 1 Month,1/2 x Orange tube,1/2 x Orange tube,1 x Orange tube,1 x Orange tube,1 x Purple tube,1 x Purple tube,1 x Purple tube,1 x Purple tube,1 x Purple tube,1 x Purple tube,1.5 x Purple Tube,1.5 x Purple Tube,,,,,,,,,,,,,Y,Y,N,"Tapeworm, Hydatids",Y,N,Y,-,Y,N,-,,
Capstar Tablets for Cats and Small Dogs, Large Dogs",Novartis Animal Health Australasia Pty. Ltd. ,1 tablet on any day when fleas are evident,1 tablet on any day when fleas are evident,1 tablet on any day when fleas are evident,1 tablet on any day when fleas are evident,1 x 11mg Capstar,1 x 11mg Capstar,1 x 11mg Capstar,1 x 11mg Capstar,1 x 11mg Capstar,1 x 11mg Capstar,1 x 57mg Capstar,1 x 57mg Capstar,1 x 57mg Capstar,1 x 57mg Capstar,1 x 57mg Capstar,1 x 57mg Capstar ,,,,,,,,,,,,,N,Y,N,Only 24hr control of fleas. ,Y,Y,Y,-,Y,Only 24hr control of fleas,,
Exelpet Capstar Tablets for Cats and Small Dogs, Large Dogs",Exelpet Products. ,1 tablet on any day when fleas are evident,1 tablet on any day when fleas are evident,1 tablet on any day when fleas are evident,1 tablet on any day when fleas are evident,1 x 11mg Capstar,1 x 11mg Capstar,1 x 11mg Capstar,1 x 11mg Capstar,1 x 11mg Capstar,1 x 11mg Capstar,1 x 57mg Capstar,1 x 57mg Capstar,1 x 57mg Capstar,1 x 57mg Capstar,1 x 57mg Capstar,1 x 57mg Capstar ,,,,,,,,,,,,,N,Y,N,Only 24hr control of fleas. ,Y,Y,Y,-,Y,Only 24hr control of fleas,,
Fleaban 4 Month Flea Collar for Dogs and Puppies,Exelpet Products. ,Do not use <3 months,Controls fleas for 4 months,Controls fleas for 4 months,Controls fleas for 4 months,Cut the collar to fit the appropriate length around your pet's neck,-,-,-,-,-,-,-,-,-,-,-,,,,,,,,,,,,,N,Y,Y,"Ticks, Paralysis Tick",Y,Y,Y,-,N,N,-,,
Fleaban Water Resistant 5 Month Flea Collar for Dogs and Cats,Exelpet Products. ,Do not use <3 months,Apply every 5 Months,Apply every 5 Months,Apply every 5 Months,Cut the collar to fit the appropriate length around your pet's neck,-,-,-,-,-,-,-,-,-,-,-,,,,,,,,,,,,,N,Y,Y,Does not prevent Paralysis Tick,Y,Y,Y,-,N,N,-,,
Frontline Original for Cats,Merial Australia Pty. Ltd. ,">8wks, <12wks, apply every 1 Month",Every 1 Month,Every 1 Month,Every 1 Month,1/4 x 0.5ml Frontline,1/4 x 0.5ml Frontline,1/2 x 0.5ml Frontline,1/2 x 0.5ml Frontline,1/2 x 0.5ml Frontline,1 x 0.5ml Frontline,1 x 0.5ml Frontline,1 x 0.5ml Frontline ,1 x 0.5ml Frontline,1 x 0.5ml Frontline,1.5 x 0.5ml Frontline,1.5 x 0.5ml Frontline,,,,,,,,,,,,,N,Y,N,"Ticks, Paralysis Tick",Y,Y,Y,-,Y,N,-,,
Frontline Plus for Cats,Merial Australia Pty. Ltd. ,">8wks, <12wks, apply every 1 Month",Every 1 Month,Every 1 Month,Every 1 Month,1/4 x 0.5ml Frontline,1/4 x 0.5ml Frontline,1/2 x 0.5ml Frontline,1/2 x 0.5ml Frontline,1/2 x 0.5ml Frontline,1 x 0.5ml Frontline,1 x 0.5ml Frontline,1 x 0.5ml Frontline ,1 x 0.5ml Frontline,1 x 0.5ml Frontline,1.5 x 0.5ml Frontline,1.5 x 0.5ml Frontline,,,,,,,,,,,,,N,Y,N,"Ticks, Paralysis Tick",Y,Y,Y,-,Y,N,-,,
Frontline Spray for Dogs and Cats,Merial Australia Pty. Ltd. ,"Do not apply <2days old; Apply every 12 weeks for control of fleas, every four weekds to control ticks and every 3 weeks to control Paralysis Tick","Apply every 12 weeks for control of fleas, every four weekds to control ticks and every 3 weeks to control Paralysis Tick","Apply every 12 weeks for control of fleas, every four weekds to control ticks and every 3 weeks to control Paralysis Tick","Apply every 12 weeks for control of fleas, every four weekds to control ticks and every 3 weeks to control Paralysis Tick",Spray the entire body of the animal and ensure the entire coat is thoroughly wet.,-,-,-,-,-,-,-,-,-,-,-,,,,,,,,,,,,,N,Y,Y,None,Y,Y,Y,-,N,N,-,,
Exelpet Palatable Flea Control Tablets for Small Dogs and Puppies, Cats and Kittens",Exelpet Products. ,Give weekly,Give weekly,Give weekly,Give weekly,1/4 x Exelpet 10kg tablet,1/4 x Exelpet10kg  tablet,1/2 x Exelpet 10kg tablet,1/2 x Exelpet 10kg tablet,1/2 x Exelpet10kg  tablet,1 x Exelpet 10kg  tablet,1.5 x Exelpet 10kg tablet,2 x Exelpet 10kg tablet,2.5 x Exelpet 10kg tablet,3 x Exelpet 10kg tablet,3.5 x Exelpet 10kg tablet,4 x Exelpet 10kg,,,,,,,,,,,,,N,Y,N,Does not kill fleas,Y,Y,Y,-,Y,Does not kill fleas,,
Proban Systemic Insecticide,Boehringer Ingelheim Pty. Ltd. ,Flea control: give twice weekly; Ticks: give every 2 days,Flea control: give twice weekly; Ticks: give every 2 days,Flea control: give twice weekly; Ticks: give every 2 days,Flea control: give twice weekly; Ticks: give every 2 days,1/4 x Proban 10kg tablet,1/4 x Proban 10kg tablet,1/2 x Proban 10kg tablet,1/2 x Proban 10kg tablet,1/2 x Proban  tablet,1 x Proban 10kg  tablet,1.5 x Proban 10kg tablet,2 x Proban 10kg tablet,2.5 x Proban 10kg tablet,3 x Proban 10kg tablet,3.5 x Proban 10kg tablet,4 x Proban 10kg,,,,,,,,,,,,,N,Y,Y,None,Y,Y,Y,-,N,N,-,,
Program Oral Suspension for Cats,Novartis Animal Health Australasia Pty. Ltd. ,">6wks, <12wks, Give every 1 Month",Every 1 Month,Every 1 Month,Every 1 Month,1/2 x Program Ampoule for Cats,1/2 x Program Ampoule for Cats,1 x Program Ampoule for Cats,1 x Program Ampoule for Cats,1 x Program Ampoule Large Cats,1 x Program Ampoule Large Cats,1 x Program Ampoule Large Cats,1 x Program Ampoule Large Cats,1 x Program Ampoule Large Cats,1.5 x Program Ampoule Large Cats,1.5 x Program Ampoule Large Cats,1.5 x Program Ampoule Large Cats,,,,,,,,,,,,,N,Y,N,"Ticks, Paralysis Tick",Y,Y,Y,-,Y,N,-,,
Revolution for Cats,Pfizer Animal Health. ,">6wks, <12wks, worm every 1 Month",Every 1 Month,Every 1 Month,Every 1 Month,1 x Revolution <2.5kg,1 x Revolution <2.5kg,1 x Revolution 2.6-7.5kg,1 x Revolution 2.6-7.5kg,1 x Revolution 2.6-7.5kg,1 x Revolution 2.6-7.5kg,1 x Revolution 2.6-7.5kg,1.5 x Revolution 2.6-7.5kg,1.5 x Revolution 2.6-7.5kg,1.5 x Revolution 2.6-7.5kg,2 x Revolution 2.6-7.5kg,2 x Revolution 2.6-7.5kg,,,,,,,,,,,,,Y,Y,N,"Ticks, Paralysis Tick",Y,N,Y,-,Y,N,-,,
Exelpet Spot-On for Cats & Kittens,Exelpet Products. ,">4wks, <12wks, apply every 3 Months",Every 3 Months,Every 3 Months,Every 3 Months,1/4 x 0.6ml Exelpet spot on,1/4 x 0.6ml Exelpet spot on,1/2 x 0.6ml Exelpet spot on,1/2 x 0.6ml Exelpet spot on,1/2 x 0.6ml Exelpet spot on,1 x 0.6ml Exelpet spot on,1 x 0.6ml Exelpet spot on,1 x 0.6ml Exelpet spot on,1 x 0.6ml Exelpet spot on,1 x 0.6ml Exelpet spot on,1.5 x 0.6ml Exelpet spot on,1.5 x 0.6ml Exelpet spot on,,,,,,,,,,,,,N,Y,N,"Ticks, Paralysis Tick",Y,Y,Y,-,Y,N,-,,
,,,,,,,,,,,,,,,,,,,,,,,,,,,,,,,,,,,,,,,,,,
Step 5: Tick Prevention:,,,,,,,,,,,,,,,,,,,,,,,,,,,,,,,,,,,,,,,,,,
,,Reminder Frequency:,,,,Dose to be Administered:,,,,,,,,,,,,,,,,,,,,,,,,Exclusions:,,,Warnings:,Next Step - Go To:,,,,,,,Recommendations:,Other Precautions:
Product,,<3mnths,3-6mnth,6-12mth,>12mnth,1kg,2kg,3kg,4kg,5kg,6kg,7kg,8kg,9kg,10kg,11kg,12kg,,,,,,,,,,,,,HWP?,Fleas?,Ticks?,Exclusions?,,,,,,,,,
Frontline Original for Cats,Merial Australia Pty. Ltd. ,">8wks, <12wks, apply every 1 Month",Every 1 Month,Every 1 Month,Every 1 Month,1/4 x 0.5ml Frontline,1/4 x 0.5ml Frontline,1/2 x 0.5ml Frontline,1/2 x 0.5ml Frontline,1/2 x 0.5ml Frontline,1 x 0.5ml Frontline,1 x 0.5ml Frontline,1 x 0.5ml Frontline ,1 x 0.5ml Frontline,1 x 0.5ml Frontline,1.5 x 0.5ml Frontline,1.5 x 0.5ml Frontline,,,,,,,,,,,,,N,Y,N,Apply every 2 weeks for Paralysis Tick,Y,Y,Y,N,-,N,-,Apply every 2 weeks for Paralysis Tick,,
Frontline Plus for Cats,Merial Australia Pty. Ltd. ,">8wks, <12wks, apply every 1 Month",Every 1 Month,Every 1 Month,Every 1 Month,1/4 x 0.5ml Frontline,1/4 x 0.5ml Frontline,1/2 x 0.5ml Frontline,1/2 x 0.5ml Frontline,1/2 x 0.5ml Frontline,1 x 0.5ml Frontline,1 x 0.5ml Frontline,1 x 0.5ml Frontline ,1 x 0.5ml Frontline,1 x 0.5ml Frontline,1.5 x 0.5ml Frontline,1.5 x 0.5ml Frontline,,,,,,,,,,,,,N,Y,N,Apply every 2 weeks for Paralysis Tick,Y,Y,Y,N,-,N,-,Apply every 2 weeks for Paralysis Tick,,
Frontline Spray for Dogs and Cats,Merial Australia Pty. Ltd. ,"Do not apply <2days old; Apply every 12 weeks for control of fleas, every four weekds to control ticks and every 3 weeks to control Paralysis Tick","Apply every 12 weeks for control of fleas, every four weekds to control ticks and every 3 weeks to control Paralysis Tick","Apply every 12 weeks for control of fleas, every four weekds to control ticks and every 3 weeks to control Paralysis Tick","Apply every 12 weeks for control of fleas, every four weekds to control ticks and every 3 weeks to control Paralysis Tick",Spray the entire body of the animal and ensure the entire coat is thoroughly wet.,-,-,-,-,-,-,-,-,-,-,-,,,,,,,,,,,,,N,Y,Y,Apply every 2 weeks for Paralysis Tick,,Y,Y,Y,N,-,N,-,Apply every 2 weeks for Paralysis Tick,,
,,,,,,,,,,,,,,,,,,,,,,,,,,,,,,,,,,,,,,,,,,
Step 6: Vaccination:,,,,,,,,,,,,,,,,,,,,,,,,,,,,,,,,,,,,,,,,,,
,,Reminder Frequency:,,,,,,,,,,,,,,,,,,,,,,,,,,,,Exclusions:,,,Warnings:,Next Step - Go To:,,,,,,,Recommendations:,Other Precautions:
Product,,Kitten (6-16wks),6-12mnth,>12mnth,,,,,,,,,,,,,,,,,,,,,,,,,,HWP?,Fleas?,Ticks?,Exclusions?,,,,,,,,,
Annual F3 Vaccination,,"3 x vaccinations, 4 weeks apart, from 6 weeks of age, then 12mnthly boosters","2 x vaccinations, 4 weeks apart, then 12mnthly boosters","2 x vaccinations, 4 weeks apart, then 12mnthly boosters",,,,,,,,,,,,,,,,,,,,,,,,,,Y,Y,Y,Pets at high risk or living in high risk environments may require more frequent vaccinations. ,Y,Y,Y,Y,Y,,,
Annual FIV Vaccination,,"3 x vaccinations, 4 weeks apart, from 6 weeks of age, then 12mnthly boosters","2 x vaccinations, 4 weeks apart, then 12mnthly boosters","2 x vaccinations, 4 weeks apart, then 12mnthly boosters",,,,,,,,,,,,,,,,,,,,,,,,,,Y,Y,Y,Pets at high risk or living in high risk environments may require more frequent vaccinations. ,Y,Y,Y,Y,Y,,,
Annual FeLV Vaccination,,"3 x vaccinations, 4 weeks apart, from 6 weeks of age, then 12mnthly boosters","2 x vaccinations, 4 weeks apart, then 12mnthly boosters","2 x vaccinations, 4 weeks apart, then 12mnthly boosters",,,,,,,,,,,,,,,,,,,,,,,,,,Y,Y,Y,Pets at high risk or living in high risk environments may require more frequent vaccinations. ,,Y,Y,Y,Y,Y,,,
,,,,,,,,,,,,,,,,,,,,,,,,,,,,,,,,,,,,,,,,,,
Step 7: Microchipping & Desexing,,,,,,,,,,,,,,,,,,,,,,,,,,,,,,,,,,,,,,,,,,
,,Reminder Frequency:,,,,,,,,,,,,,,,,,,,,,,,,,,,,Exclusions:,,,Warnings:,Next Step - Go To:,,,,,,,Recommendations:,Other Precautions:
Product,,Kitten (6-16wks),6-12mnth,>12mnth,,,,,,,,,,,,,,,,,,,,,,,,,,HWP?,Fleas?,Ticks?,Exclusions?,,,,,,,,,
Microchipping,,Must be microchipped by 12 wks by law,Must be microchipped by 12 wks by law,Must be microchipped by 12wks by law. ,,,,,,,,,,,,,,,,,,,,,,,,,,,,,,,,,,,,,,
Desexing,,Desexing is recommended at 6 months of age,Desexing is recommended at 6 months of age,Desexing is recommended at 6 months of age. ,,,,,,,,,,,,,,,,,,,,,,,,,,,,,,,,,,,,,,
,,,,,,,,,,,,,,,,,,,,,,,,,,,,,,,,,,,,,,,,,,
Step 8: Any other Health Care Reminders:,,,,,,,,,,,,,,,,,,,,,,,,,,,,,,,,,,,,,,,,,,
,,Reminder Frequency:,,,,Dose to be Administered:,,,,,,,,,,,,,,,,,,,,,,,,Exclusions:,,,Warnings:,Next Step - Go To:,,,,,,,Recommendations:,Other Precautions:
Product,,<3mnths,3-6mnth,6-12mth,>12mnth,1kg,2kg,3kg,4kg,5kg,5-10kg,10-15kg,15-20kg,20-25kg,25-30kg,30-35kg,35-40kg,40-45kg,45-50kg,50-55kg,55-60kg,60-65kg,65-70kg,70-75kg,75-80kg,80-85kg,85-90kg,90-95kg,95-100kg,HWP?,Fleas?,Ticks?,Exclusions?,,,,,,,,,
Owner to enter details,Owner to enter details,Owner to enter details,Owner to enter details,Owner to enter details,Owner to enter details,Owner to enter details for weight and dosage required for their pet. ,,,,,,,,,,,,,,,,,,,,,,,,,,,,,,,,,,,,
